uid,2AsIrTe3-1,2BrTl-1,1STa2Te2-1,2TeTl-2,2IPt-1,2BiPO4-1,2GaTe-1,2ISb-1,1PtTe2-1,2GeH-1,1BiFS2O6-1,1BiHS2O6-1,2Sb-1,2TeZn-1,2GaGeTe-1,2AlGeTe-1,2GeInSe-1,2CdTe-1,2PbSe-1,2PbTe-1,4HgTe-1,1SeSb2Te2-1,2AlGeTe3-1,2GaGeSe3-1,2AuCdITe-1,2AlGeSe3-1,2InSiTe-1,2GeInTe3-1,2GeInS-1,4HgSe-1
2AsIrTe3-1,0.0,0.6215,0.695,0.7675,0.628,0.8245,0.8355,0.816,0.7975,0.9075,0.931,0.9375,0.939,0.944,0.9475,0.9525,0.93,0.9505,0.957,0.895,0.884,0.875,0.962,0.9635,0.97,0.968,0.9625,0.9705,0.9385,0.912
2BrTl-1,0.3785,0.0,0.5215,0.7755,0.537,1.0,1.0,0.8465,0.7755,1.0,1.0,1.0,1.0,0.9995,0.999,1.0,0.988,0.9995,1.0,0.9525,0.961,0.8795,1.0,1.0,1.0,1.0,0.9965,0.9975,0.9825,0.9735
1STa2Te2-1,0.305,0.4785,0.0,0.5635,0.4575,0.632,0.641,0.6315,0.6075,0.693,0.714,0.7235,0.7185,0.728,0.7275,0.73,0.7205,0.734,0.7355,0.689,0.6785,0.6925,0.742,0.747,0.75,0.753,0.743,0.753,0.7205,0.6995
2TeTl-2,0.2325,0.2245,0.4365,0.0,0.4925,0.497,0.519,0.5735,0.6165,0.646,0.7165,0.7385,0.746,0.782,0.7935,0.8115,0.754,0.8055,0.8275,0.6965,0.694,0.743,0.872,0.8885,0.8875,0.91,0.8635,0.913,0.806,0.7605
2IPt-1,0.372,0.463,0.5425,0.5075,0.0,0.524,0.531,0.545,0.5625,0.5925,0.6085,0.612,0.6145,0.6235,0.6235,0.6265,0.601,0.62,0.625,0.592,0.578,0.642,0.634,0.64,0.6375,0.6435,0.63,0.639,0.624,0.608
2BiPO4-1,0.1755,0.0,0.368,0.503,0.476,0.0,0.681,0.5765,0.6345,0.991,0.999,1.0,0.999,0.9955,0.9875,0.9995,0.9175,0.997,0.999,0.7975,0.809,0.7615,1.0,1.0,1.0,1.0,0.97,0.993,0.8975,0.866
2GaTe-1,0.1645,0.0,0.359,0.481,0.469,0.319,0.0,0.5615,0.616,0.975,0.997,0.9965,0.9955,0.9925,0.987,1.0,0.9075,0.9955,0.9985,0.7785,0.793,0.7495,1.0,1.0,1.0,1.0,0.967,0.9935,0.8905,0.852
2ISb-1,0.184,0.1535,0.3685,0.4265,0.455,0.4235,0.4385,0.0,0.5265,0.555,0.616,0.6485,0.6525,0.689,0.6975,0.712,0.667,0.72,0.734,0.6105,0.604,0.6845,0.79,0.7975,0.8145,0.8285,0.786,0.8265,0.727,0.681
1PtTe2-1,0.2025,0.2245,0.3925,0.3835,0.4375,0.3655,0.384,0.4735,0.0,0.501,0.5665,0.5845,0.5845,0.6165,0.6275,0.6375,0.5905,0.6335,0.6545,0.549,0.548,0.6395,0.6865,0.6985,0.6985,0.71,0.6845,0.714,0.637,0.603
2GeH-1,0.0925,0.0,0.307,0.354,0.4075,0.009,0.025,0.445,0.499,0.0,0.7905,0.8335,0.842,0.9115,0.9025,0.9285,0.807,0.9475,0.9635,0.6585,0.6605,0.6375,0.98,0.984,0.988,0.992,0.914,0.979,0.817,0.748
1BiFS2O6-1,0.069,0.0,0.286,0.2835,0.3915,0.001,0.003,0.384,0.4335,0.2095,0.0,0.5745,0.6125,0.734,0.7145,0.759,0.6555,0.7785,0.8275,0.5305,0.533,0.587,0.9045,0.912,0.9255,0.942,0.8495,0.933,0.744,0.6565
1BiHS2O6-1,0.0625,0.0,0.2765,0.2615,0.388,0.0,0.0035,0.3515,0.4155,0.1665,0.4255,0.0,0.5285,0.6485,0.659,0.6775,0.602,0.7095,0.7745,0.494,0.482,0.5645,0.8535,0.8685,0.9035,0.924,0.815,0.913,0.721,0.624
2Sb-1,0.061,0.0,0.2815,0.254,0.3855,0.001,0.0045,0.3475,0.4155,0.158,0.3875,0.4715,0.0,0.6235,0.634,0.6705,0.571,0.6755,0.75,0.4805,0.4635,0.5595,0.8325,0.8605,0.871,0.896,0.8055,0.894,0.693,0.62
2TeZn-1,0.056,0.0005,0.272,0.218,0.3765,0.0045,0.0075,0.311,0.3835,0.0885,0.266,0.3515,0.3765,0.0,0.5205,0.5425,0.473,0.557,0.6415,0.4175,0.382,0.5405,0.743,0.7745,0.8025,0.841,0.7425,0.842,0.649,0.54
2GaGeTe-1,0.0525,0.001,0.2725,0.2065,0.3765,0.0125,0.013,0.3025,0.3725,0.0975,0.2855,0.341,0.366,0.4795,0.0,0.5195,0.4525,0.53,0.621,0.3855,0.366,0.529,0.7045,0.743,0.7605,0.802,0.7095,0.792,0.6055,0.5245
2AlGeTe-1,0.0475,0.0,0.27,0.1885,0.3735,0.0005,0.0,0.288,0.3625,0.0715,0.241,0.3225,0.3295,0.4575,0.4805,0.0,0.4335,0.5065,0.5975,0.371,0.347,0.533,0.71,0.735,0.764,0.7995,0.713,0.801,0.6135,0.504
2GeInSe-1,0.07,0.012,0.2795,0.246,0.399,0.0825,0.0925,0.333,0.4095,0.193,0.3445,0.398,0.429,0.527,0.5475,0.5665,0.0,0.5895,0.635,0.441,0.4155,0.5535,0.746,0.7695,0.799,0.8215,0.7435,0.826,0.65,0.557
2CdTe-1,0.0495,0.0005,0.266,0.1945,0.38,0.003,0.0045,0.28,0.3665,0.0525,0.2215,0.2905,0.3245,0.443,0.47,0.4935,0.4105,0.0,0.581,0.3765,0.337,0.535,0.6945,0.7335,0.7615,0.793,0.714,0.7945,0.605,0.5125
2PbSe-1,0.043,0.0,0.2645,0.1725,0.375,0.001,0.0015,0.266,0.3455,0.0365,0.1725,0.2255,0.25,0.3585,0.379,0.4025,0.365,0.419,0.0,0.3195,0.3,0.5145,0.6235,0.6615,0.686,0.73,0.659,0.727,0.5535,0.447
2PbTe-1,0.105,0.0475,0.311,0.3035,0.408,0.2025,0.2215,0.3895,0.451,0.3415,0.4695,0.506,0.5195,0.5825,0.6145,0.629,0.559,0.6235,0.6805,0.0,0.487,0.6175,0.7515,0.77,0.795,0.821,0.755,0.805,0.683,0.621
4HgTe-1,0.116,0.039,0.3215,0.306,0.422,0.191,0.207,0.396,0.452,0.3395,0.467,0.518,0.5365,0.618,0.634,0.653,0.5845,0.663,0.7,0.513,0.0,0.6085,0.782,0.802,0.8395,0.857,0.7925,0.8585,0.697,0.6275
1SeSb2Te2-1,0.125,0.1205,0.3075,0.257,0.358,0.2385,0.2505,0.3155,0.3605,0.3625,0.413,0.4355,0.4405,0.4595,0.471,0.467,0.4465,0.465,0.4855,0.3825,0.3915,0.0,0.5105,0.528,0.5285,0.536,0.519,0.544,0.485,0.4355
2AlGeTe3-1,0.038,0.0,0.258,0.128,0.366,0.0,0.0,0.21,0.3135,0.02,0.0955,0.1465,0.1675,0.257,0.2955,0.29,0.254,0.3055,0.3765,0.2485,0.218,0.4895,0.0,0.5315,0.5785,0.626,0.5645,0.641,0.4705,0.367
2GaGeSe3-1,0.0365,0.0,0.253,0.1115,0.36,0.0,0.0,0.2025,0.3015,0.016,0.088,0.1315,0.1395,0.2255,0.257,0.265,0.2305,0.2665,0.3385,0.23,0.198,0.472,0.4685,0.0,0.534,0.58,0.524,0.592,0.451,0.344
2AuCdITe-1,0.03,0.0,0.25,0.1125,0.3625,0.0,0.0,0.1855,0.3015,0.012,0.0745,0.0965,0.129,0.1975,0.2395,0.236,0.201,0.2385,0.314,0.205,0.1605,0.4715,0.4215,0.466,0.0,0.5655,0.5065,0.5725,0.4105,0.3155
2AlGeSe3-1,0.032,0.0,0.247,0.09,0.3565,0.0,0.0,0.1715,0.29,0.008,0.058,0.076,0.104,0.159,0.198,0.2005,0.1785,0.207,0.27,0.179,0.143,0.464,0.374,0.42,0.4345,0.0,0.4455,0.5075,0.3855,0.2825
2InSiTe-1,0.0375,0.0035,0.257,0.1365,0.37,0.03,0.033,0.214,0.3155,0.086,0.1505,0.185,0.1945,0.2575,0.2905,0.287,0.2565,0.286,0.341,0.245,0.2075,0.481,0.4355,0.476,0.4935,0.5545,0.0,0.5575,0.43,0.33
2GeInTe3-1,0.0295,0.0025,0.247,0.087,0.361,0.007,0.0065,0.1735,0.286,0.021,0.067,0.087,0.106,0.158,0.208,0.199,0.174,0.2055,0.273,0.195,0.1415,0.456,0.359,0.408,0.4275,0.4925,0.4425,0.0,0.381,0.285
2GeInS-1,0.0615,0.0175,0.2795,0.194,0.376,0.1025,0.1095,0.273,0.363,0.183,0.256,0.279,0.307,0.351,0.3945,0.3865,0.35,0.395,0.4465,0.317,0.303,0.515,0.5295,0.549,0.5895,0.6145,0.57,0.619,0.0,0.414
4HgSe-1,0.088,0.0265,0.3005,0.2395,0.392,0.134,0.148,0.319,0.397,0.252,0.3435,0.376,0.38,0.46,0.4755,0.496,0.443,0.4875,0.553,0.379,0.3725,0.5645,0.633,0.656,0.6845,0.7175,0.67,0.715,0.586,0.0
