uid,row,has_gw_anchor
2ScF3-1,0,False
2FOY-1,1,False
2FOSc-1,2,False
2KTaF6-1,3,False
2ClFSr-1,4,False
2AlFO-1,5,False
2CaClF-1,6,False
2BaBrF-1,7,False
2BrFSr-1,8,False
2BrCaF-1,9,False
2ClOSc-1,10,False
2BrOY-1,11,False
1TiF2-1,12,False
1SrP2F12-1,13,False
2BaFI-1,14,False
2TiO2-1,15,False
2FISr-1,16,False
2CaGe2F6-1,17,False
2CaFI-1,18,False
2FSSc-1,19,False
2BrOSc-1,20,False
1BaSb2F12-1,21,False
2IOY-1,22,False
2FScSe-1,23,False
1TeNb3F7-1,24,False
1SrAs2F12-1,25,False
4IOSc-1,26,False
2WF2O2-1,27,False
4FNZr-1,28,False
2FHfN-1,29,False
1HfW2O8-1,30,False
1ZrW2O8-1,31,False
2FNZr-1,32,False
1CF2Sc2-1,33,False
1Ta2W2O11-1,34,False
1BaCl2-1,35,True
1CF2Y2-1,36,False
2ZrO3-1,37,False
1HfMo2O8-1,38,False
1ZrMo2O8-1,39,False
2SbScO3-1,40,False
1SrCl2-1,41,True
1CdIn2F8-1,42,False
1Nb2W2O11-1,43,False
2HfO3-1,44,False
2ClTaO2-1,45,False
1N2O2Zr3-1,46,False
1CaCl2-1,47,True
1N2O2Hf3-1,48,False
1ZnF2-1,49,False
2AlClO-1,50,False
2YCl3-1,51,False
2BrTaO2-1,52,False
1CHf2O2-1,53,False
2FNTi-1,54,False
1CO2Zr2-1,55,False
1CdF2-1,56,False
4VO2-1,57,False
2FGaO-1,58,False
2BrNbO2-1,59,False
2AlInO3-1,60,False
2AlSbO3-1,61,False
2BaClI-1,62,False
2ITaO2-1,63,False
1ZrH2P2O6-1,64,False
2TiO3-1,65,False
2ScCl3-1,66,False
1BaClI-1,67,False
2FPPbO3-1,68,False
1SrBr2Ca2S2-1,69,False
2AlBrO-1,70,False
2AlAsO3-1,71,False
1OSTi-1,72,False
1BiScCl2O2-1,73,False
1CaBr2-1,74,True
2INbO2-1,75,False
1OZrBr2-1,76,False
1CO2Ti2-1,77,False
2ClSSc-1,78,False
4CaTeO3-1,79,False
1WO2-1,80,True
2BrSY-2,81,False
2CaF2O2H4-1,82,False
4SrTeO3-1,83,False
2MgTeWO6-1,84,False
1WMo3O8-1,85,False
2WZnO4-1,86,False
1MoO2-1,87,True
2YBr3-1,88,False
1OScHf3N3Br4-1,89,False
2MgMoTeO6-1,90,False
1ClBr3S4Sc4-1,91,False
2SrSb2O4-1,92,False
2CaSb2O4-1,93,False
2ClScSe-1,94,False
2ClScBr2-1,95,False
1CrMo3O8-1,96,False
4CaSeO3-1,97,False
2TlF3-1,98,False
2BaSb2O4-1,99,False
1MgCl2-1,100,True
2ClNZr-1,101,False
4BSbO3-1,102,False
2PSbO4-1,103,False
4BBiO3-1,104,False
2ClHfN-1,105,False
2ClCs-1,106,False
2BiPO4-1,107,False
2MoZnO4-1,108,False
2NbF2Se2-1,109,False
1PbSrS2O8-1,110,False
4BiFSrS2-1,111,False
4BaBiFS2-1,112,False
4FSbSrS2-1,113,False
1BaI2-1,114,False
1BaH2O2-1,115,False
2AlHSO4-1,116,False
2BrIS2Sc2-1,117,False
4BaBiFSe2-1,118,False
2ScBr3-1,119,False
1MgH2O2-1,120,False
2FSi-1,121,True
2SrBi2O4-1,122,False
4FSbSrSe2-1,123,False
2CaBi2O4-1,124,False
4FPSrS2-1,125,False
2BrScSe-1,126,False
2BaBi2O4-1,127,False
2MgCl2-1,128,False
4BaFPS2-1,129,False
1SrI2-1,130,False
2HSLi3O4-1,131,False
2CKSF3O3-1,132,False
2BrNZr-1,133,False
1ZnRe2O8-1,134,False
1ZrCl2-1,135,True
4AsFSrSe2-1,136,False
2BrHfN-1,137,False
2ClPSnO3-1,138,False
1CrO2-2,139,True
1ZrK2H6O6-1,140,False
1HfNa2H6O6-1,141,False
2HTeLi3O4-1,142,False
2ISSc-1,143,False
2ZrCl2-1,144,False
2TeWZnO6-1,145,False
1ZrNa2H6O6-1,146,False
1CaI2-1,147,True
1CdF2O2Pb2-1,148,False
4BaFPSe2-1,149,False
4FPSrSe2-1,150,False
2GaInO3-1,151,False
2OTaBr2-1,152,False
2HP3O6-1,153,False
2AlHSeO4-1,154,False
4AsLiO2-2,155,False
2WAs2O6-1,156,False
2HPSb2O6-1,157,False
2MoSb2O6-1,158,False
2ClMoO2-1,159,False
2ClScTe-1,160,False
2HSeLi3O4-1,161,False
2GaSbO3-1,162,False
1SSeI2Sc2-1,163,False
2BLiH4O4-1,164,False
1HfS2-1,165,True
1NbOScSeBr4-1,166,False
1BrHfZr3Cl7-1,167,False
1CCl2Y2-1,168,False
1ZrS2-1,169,True
1CCl2Sc2-1,170,False
2HLiO-1,171,False
4BaFSbTe2-1,172,False
2ClNTi-1,173,False
1GeO2-1,174,True
1MgLi2S2H4O8-1,175,False
2BNaH4O4-1,176,False
4NaSbO2-1,177,False
2HSNa3O4-1,178,False
1SnO2-1,179,True
2HPPbO3-1,180,False
2SrPb2Cl6-1,181,False
2MoCl2O2-1,182,False
2SrCl2O2H4-1,183,False
1HgF2-1,184,False
2IScSe-1,185,False
1MgNa2S2H4O8-1,186,False
1HfCl2-1,187,True
1TiCl2-1,188,True
2CaClH-1,189,False
1MgBr2-1,190,True
2ClGaO-1,191,False
2HPAs2O6-1,192,False
2AlCl3-1,193,False
2ClKF4-1,194,False
2AsFPbO3-1,195,False
4AsBaFTe2-1,196,False
2CHNaO3-1,197,False
2CdFSbO2-1,198,False
1BrClZr-1,199,True
4AsFSrTe2-1,200,False
2SCl2Se2Zr2-1,201,False
2MoCd2O4-1,202,False
1BrClN2Ti2-1,203,False
2BrClZr-1,204,False
2GeZnO3-1,205,False
2SrSn2Cl6-1,206,False
1MgLi2Te2H4O8-1,207,False
1SSeZr-1,208,True
2GeHPO3-1,209,False
2YI3-1,210,False
1HfSSe-1,211,True
2FGaSe-1,212,False
2InSbO3-1,213,False
2BrScTe-1,214,False
2AgPO3-1,215,False
1MgK2Te2H4O8-1,216,False
2HfIN-1,217,False
2GaO-1,218,True
4ReO2-1,219,False
2CaBr2O2H4-1,220,False
1ClIMg-1,221,False
1MgLi2Se2H4O8-1,222,False
2BrNTi-1,223,False
4BiNaO2-1,224,False
1MgK2Se2H4O8-1,225,False
2FInS-1,226,False
2ZrS2-2,227,False
1GeLi2H6O6-1,228,False
1Br2Zr2S3-1,229,False
1ClZr2Br5-1,230,False
2CaF2S2H4-1,231,False
1HfZr3S8-1,232,False
1BiFS2O6-1,233,False
2BrCaH-1,234,False
1Br2Hf2S3-1,235,False
1ZrSe2-1,236,True
1GeK2H6O6-1,237,False
1SnK2H6O6-1,238,False
2BrGaO-1,239,False
2HNaO-1,240,False
1GeNa2H6O6-1,241,False
2HKO-1,242,False
1OSW-1,243,False
1HfSe2-1,244,True
2HPSeO5-1,245,False
2ZrBr2-1,246,False
1ZrBr2-1,247,True
1BrClHf-1,248,True
2FGaTe-1,249,False
4BaClSbS2-1,250,False
1TiZr3S8-1,251,False
4BaBiClS2-1,252,False
1CBr2Sc2-1,253,False
1BrClTi-1,254,True
2BrClHf-1,255,False
2HInSO4-1,256,False
2ZnAs2O4-1,257,False
2MoHg2O4-1,258,False
2SrI2O2H4-1,259,False
4BaClSbSe2-1,260,False
1BiFSe-1,261,False
4OSn-1,262,False
2AsSbO3-1,263,False
1PdN2Zr3Br6-1,264,False
2CaI2O2H4-1,265,False
1BN-1,266,True
4AlClS-1,267,False
1ClIHf2Br4-1,268,False
2AsHSb2O6-1,269,False
2FInTe-1,270,False
2AsBiO3-1,271,False
2IScTe-1,272,False
2ZrS3-1,273,False
2BaHI-1,274,False
2AsBiO4-1,275,False
1Al2Mg2S5-1,276,False
2ClIZr-1,277,False
4AgF2-2,278,False
1ClIZr-1,279,True
1CdCl2O2Pb2-1,280,False
1TiZrHf2Br8-1,281,False
1CdCl2O2Sn2-1,282,False
2HISr-1,283,False
2HfZrSe4-1,284,False
2SbTlO3-1,285,False
1BiFTe-1,286,False
1ClIGe2O3-1,287,False
1ZrHf3Se8-1,288,False
1PbNa2H6O6-1,289,False
2GeO-1,290,False
1BiHS2O6-1,291,False
4AsClSrSe2-1,292,False
1MgAl2S4-1,293,False
2CoSbO3-1,294,False
2Bi2O3-2,295,False
2BiFHgO2-1,296,False
2HInSeO4-1,297,False
1MoOSe-1,298,True
4AlClSe-1,299,False
2AlClSe-1,300,False
2BiCdClO2-1,301,False
1PbCl2-1,302,True
1GeOBr2I2Zr2Se3-1,303,False
2HfBr2-1,304,False
1GeHfCl2S2-1,305,False
1ZnH2O2-1,306,False
1HfBr2-1,307,True
4OPb-1,308,False
2CaHI-1,309,False
1ONb3Br7-1,310,False
2HSbAs2O6-1,311,False
2CPPbH3O3-1,312,False
2BrCdSbO2-1,313,False
1TiBr2-1,314,True
2CPSnH3O3-1,315,False
2InCl3-1,316,False
2PbCl2-2,317,False
1BiHTe2O6-1,318,False
1OSeW-1,319,True
1CdBr2O2Pb2-1,320,False
2AlBr3-1,321,False
4AlBrS-1,322,False
1CdCl2-1,323,True
2BiBrCdO2-1,324,False
1CdBr2O2Sn2-1,325,False
1ZnCl2-2,326,True
2BrIZr-1,327,False
2FRhS-1,328,False
2SeZnH2O4-1,329,False
1WAu2O4-2,330,False
1SSeTi-2,331,True
2GaCl3-1,332,False
4AsBaClTe2-1,333,False
4TeO2-1,334,False
1BrIZr-1,335,True
1MgI2-1,336,True
2HfTiSe4-1,337,False
2ZrSe3-1,338,False
2Al2S3-1,339,False
2KNO3-1,340,False
2FRhSe-1,341,False
1InSScSeI2-1,342,False
1GeHfBr2S2-1,343,False
2CoHO2-1,344,False
1Ga2Mg2S5-1,345,False
1ClHfI-1,346,True
2AsTlO3-1,347,False
2BiCdIO2-1,348,False
1IHf2Br3-1,349,False
1Al2Mg2Se5-1,350,False
1HgCl2O2Pb2-1,351,False
1INbSeZrBr2S2-1,352,False
2FRhTe-1,353,False
1SeNb3Br7-1,354,False
1ClITi-1,355,True
4AlBrSe-1,356,False
1TiSe2-2,357,True
2MgI2-1,358,False
2PScS3-1,359,False
1CdI2O2Pb2-1,360,False
1In2Mg2S5-1,361,False
1STa3Br7-1,362,False
1PbBr2-1,363,True
1MgAl2Se4-1,364,False
1FeZrBr6-1,365,False
1CdI2O2Sn2-1,366,False
2PScS4-1,367,False
2GeZrS4-1,368,False
2AlClTe-1,369,False
1HgBr2O2Pb2-1,370,False
4AlClTe-1,371,False
1SeTa3Br7-1,372,False
2SiNb2S4-1,373,False
2CaCl2S2H4-1,374,False
1MoS2-1,375,True
1MgGa2S4-1,376,False
1WMo3S8-1,377,False
2ZrI2-1,378,False
1InNbBr6-1,379,False
1BrHf2I5-1,380,False
2SrI2O4-1,381,False
2NbBr2S2-1,382,False
1CdBr2-1,383,True
4ClGaS-1,384,False
2ClGaS-1,385,False
1Ga2Mg2Se5-1,386,False
4AlIS-1,387,False
1MoW3S8-1,388,False
1BrHfI-1,389,True
2AlS-1,390,True
1ZrI2-1,391,True
1BrITi-1,392,True
1WS2-1,393,True
2FPt-1,394,False
2InBr3-1,395,False
4ClGaSe-1,396,False
2ClGaSe-1,397,False
1In2Mg2Se5-1,398,False
2CaCl2O4-1,399,False
2FRe3S4-1,400,False
2FPPbS3-1,401,False
2SnZrSe4-1,402,False
2TaBr2S2-1,403,False
2HgNa2I4-1,404,False
2RhTaS4-1,405,False
1MgIn2S4-1,406,False
2PdSO3-1,407,False
1ZnBr2-2,408,True
2SrBr2S2H4-1,409,False
2IrTaS4-1,410,False
2PScSe3-1,411,False
2IRbCl4-1,412,False
4ClInS-1,413,False
2GeZrSe4-1,414,False
2SiNb2Se4-1,415,False
2PZrS3-2,416,False
4NbS3-2,417,False
2CaBr2S2H4-1,418,False
1BaH2Se2-1,419,False
2BrTl-1,420,False
4ClInSe-1,421,False
2ClNb2S6-1,422,False
2ClInS-1,423,False
1HgI2O2Pb2-1,424,False
1MoSSe-1,425,True
2HfSnSe4-1,426,False
2NbBr2Se2-1,427,False
1FeAl2S4-2,428,False
2ClInSe-1,429,False
2AlSiS3-1,430,False
2CdCl-1,431,False
2FIrSe-1,432,False
2BiBr3-1,433,False
1MgGa2Se4-1,434,False
2BiHgIO2-1,435,False
4AlISe-1,436,False
2GeHfSe4-1,437,False
2GaBr3-1,438,False
2MoCl3-3,439,False
2HLiS-1,440,False
2AlBrTe-1,441,False
4AlBrTe-1,442,False
2MgPS3-1,443,False
1MgIn2Se4-1,444,False
2PtSO3-1,445,False
2PdTeO3-1,446,False
1BrClIn2S2-1,447,False
2BrNb2S6-1,448,False
2CrWS4-1,449,False
2SiTa2Se4-1,450,False
2TaBr2Se2-1,451,False
4BrGaSe-1,452,False
1BrCdI-1,453,False
2BrGaSe-1,454,False
1BrITl2-1,455,False
2NiSeO3-1,456,False
2KTaI6-1,457,False
1GaInBr2S2-1,458,False
2ClGaTe-1,459,False
2ClNb2Se6-1,460,False
4ClGaTe-1,461,False
2FRe3Se4-1,462,False
2ZrSe5-1,463,False
2BrTa2S6-1,464,False
1SSeW-1,465,True
4BrInS-1,466,False
1AlCdInS4-1,467,False
1SSeIn3Br5-1,468,False
1HfK2H6S6-1,469,False
1ClISSeGa2-1,470,False
1AlISe-1,471,False
2SrI2S2H4-1,472,False
2WCl3-2,473,False
1CdCl2S2Sn2-1,474,False
1MoSe2-1,475,True
4BrInSe-1,476,False
1ZrK2H6S6-1,477,False
2BrInS-1,478,False
2TlCl3-1,479,False
2ClInTe-1,480,False
2NbI2S2-1,481,False
2BrInSe-1,482,False
2HTeLi3S4-1,483,False
1AgGeTaCl2S4-1,484,False
2INb2S6-1,485,False
2SZn-1,486,True
2HfSe5-1,487,False
1Al2S5-1,488,False
2CaI2S2H4-1,489,False
2BrNb2Se6-1,490,False
2RhCl3-1,491,False
1WMo3Se8-1,492,False
2ClSi-1,493,False
4SeO2-1,494,False
1HfI2-1,495,True
2SrS3H4-1,496,False
1CrS2-1,497,True
4NaSbS2-1,498,False
2PZrSe3-2,499,False
4LiSbS2-1,500,False
1TiI2-2,501,True
1AgScP2S6-1,502,False
2NaTaI6-1,503,False
2GaS-1,504,True
1AlLiP2S6-1,505,False
1HfNa2H6S6-1,506,False
1BiClS-1,507,True
2ITa2S6-1,508,False
1ClISBr2Se3In4-1,509,False
1MgH2S2-1,510,False
1Br2Se2Pb3-1,511,False
2MoWSe4-1,512,False
2BrGaS-2,513,False
1HfLi2H6S6-1,514,False
4KPS2-1,515,False
2AlGeS3-1,516,False
4AsKS2-1,517,False
2AlInSe3-1,518,False
2CaS3H4-1,519,False
2HfPSe3-2,520,False
2PdSeO3-1,521,False
2LiTaI6-1,522,False
1SSeBi2Cl2-1,523,False
1AlNaP2S6-1,524,False
1CrMo3Se8-1,525,False
1BrISCd2-1,526,False
2HSeLi3S4-1,527,False
2BrTa2Se6-1,528,False
2TaI2S2-1,529,False
2AlI3-1,530,False
2ClRe3S4-1,531,False
2LiNbI6-1,532,False
2ClRhS-1,533,False
2HLi3S5-1,534,False
1MoW3Se8-1,535,False
4OS2Sb2-1,536,False
2INb2Se6-1,537,False
2SrP2S6-1,538,False
1CdGa2S4-1,539,False
2PbI2-2,540,False
1GeSZnBr2-1,541,False
4LiPS2-1,542,False
1ZnI2-1,543,True
2SeZn-1,544,False
4AsLiS2-1,545,False
4BrCd-1,546,False
2BrGaTe-1,547,False
1Al2Mg2Te5-1,548,False
1AuInCl2S2-1,549,False
2NbI2Se2-1,550,False
2BrZn-1,551,False
2ITl-1,552,False
2GaSe-1,553,True
1HgBr2Pb2S2-1,554,False
1BiClTe-1,555,True
4GaIS-1,556,False
4BrInTe-1,557,False
1WSe2-1,558,True
2HNaSe-1,559,False
2InSiS3-1,560,False
4Ga2Se3-1,561,False
2BrInTe-1,562,False
1CdGaInS4-1,563,False
2AlSSi-1,564,False
2PtSeO3-1,565,False
1GaInS2-1,566,False
1FeAl2Se4-1,567,False
1SnZnCl2I4-1,568,False
1BiBrSe-1,569,True
1CdIn2S4-1,570,False
2TeCu2O6-1,571,False
2BrRe3S4-1,572,False
1NiRuTa2Se6-1,573,False
2CdClCuS-1,574,False
2BrCdS-1,575,False
2In2S3-1,576,False
2AsMgS3-1,577,False
2ITa2Se6-1,578,False
4GaISe-1,579,False
2AlITe-1,580,False
2AgFSe2-1,581,False
1CrSSe-1,582,True
2BrGa-1,583,False
1SiS2-2,584,True
4IInSe-1,585,False
4PPtS-1,586,False
1In2Mg2Te5-1,587,False
1STa3I7-1,588,False
1CrW3Se8-1,589,False
2InS-1,590,True
2IInS-1,591,False
1InLiI4O12-1,592,False
2AlGeSe3-1,593,False
2IInSe-1,594,False
1CH2Sc2-1,595,False
1MgAl2Te4-1,596,False
1InLiP2S6-1,597,False
1SnI2-1,598,True
1ClSbSe-1,599,True
4AuBrFS-1,600,False
2TaI2Se2-1,601,False
1STa2Te2-1,602,False
2CdS-1,603,False
1GaRhIr2Br4S4-1,604,False
4AgClHO-1,605,False
1GaLiP2S6-1,606,False
1InNaP2S6-1,607,False
2AlPSeS2-1,608,False
2Ga2Se3-1,609,False
2CrWSe4-1,610,False
1AgGaCl2Br4-1,611,False
2IRe3S4-1,612,False
2BrRhS-2,613,False
1FeHfI6-1,614,False
2CdSe-1,615,False
2NbPS3-2,616,False
2BrRhSe-1,617,False
2AlAsS3-1,618,False
2SiNb2Te4-1,619,False
1CdGeSSeBr2-1,620,False
1GeZnBr2Se2-1,621,False
4In2S3-1,622,False
2TlBr3-1,623,False
4In2Se3-1,624,False
2InI3-1,625,False
2BrRhTe-1,626,False
2AsMgSe3-1,627,False
1GaNaP2S6-1,628,False
1ClIGa2-1,629,False
2PbSe-1,630,True
2BrCdCuS-1,631,False
1BiBrTe-1,632,True
3RuSCl2-1,633,False
2InSiSe3-1,634,False
2AlSeSi-1,635,False
2ClIrS-1,636,False
2ClRe3Se4-1,637,False
1ISSnAs2Ge2Se2Cl5-1,638,False
2BiI3-1,639,False
1AlLiP2Se6-1,640,False
2AlGeSe-1,641,False
1SnK2H6S6-1,642,False
4AgBrHO-1,643,False
2ClNb2Te6-1,644,False
1HgI2Pb2S2-1,645,False
1MoCu2S4-1,646,False
1CrSe2-1,647,True
2BKH4S4-1,648,False
2FRe3Te4-1,649,False
1TeCd2I2-1,650,False
2HKTe-1,651,False
2AgBrCdSe-1,652,False
1ClSbTe-1,653,True
2GaIS-3,654,False
1TeTa3I7-1,655,False
2CdClCuTe-1,656,False
4KSeS2-1,657,False
1AlNaAs2S6-1,658,False
2TlPt2S3-1,659,False
4PPdS-1,660,False
2BrRe3Se4-1,661,False
2ClCu-1,662,False
4IInTe-1,663,False
2BrNb2Te6-1,664,False
2BNaH4S4-1,665,False
4Al2Te3-1,666,False
2IInTe-1,667,False
2INaS2H4-1,668,False
2GeInS3-1,669,False
2GaITe-1,670,False
1BrSbSe-1,671,True
1BiISe-1,672,True
1SnNa2H6S6-1,673,False
2AgCl-1,674,False
2BrHg-1,675,False
1BrClGe2Se2-1,676,False
1AgAlP2S6-1,677,False
1MgLi2Te2H4S8-1,678,False
1PtNa2H6S6-1,679,False
1MgNa2Te2H4S8-1,680,False
2SiTa2Te4-1,681,False
2InPt2S3-1,682,False
1PbBi2S4-1,683,False
2TlPt2Te3-1,684,False
1PtSnS4-1,685,False
2GaSSi-1,686,False
1STeW-1,687,True
2GeInSe3-1,688,False
2ClTa2Te6-1,689,False
1CdInTlS4-1,690,False
2CdPS3-1,691,False
1STeI2In2-1,692,False
1BrSSb-1,693,True
2SSn-1,694,True
2PZnS3-1,695,False
1PtSe2-1,696,True
2IRhTe-2,697,False
1STeIn2-1,698,False
1BiIS-1,699,True
1CoNaP2S6-1,700,False
2InPt2Te3-1,701,False
1GeBi2Se2I4-1,702,False
1CdHIS-1,703,False
2GaGeS3-1,704,False
1PbK2H6S6-1,705,False
2AsSiS3-1,706,False
1GaIrI2S2-1,707,False
1S3Pt4Se5-1,708,False
2ClPSnS3-1,709,False
4RhSe2-1,710,False
2Al2Te3-1,711,False
1MgK2Se2H4S8-1,712,False
2GeTa2Te4-1,713,False
2IIn-2,714,False
4ReSe2-1,715,False
2RuS2-1,716,False
1SnS2-1,717,True
2IRhSe-1,718,False
2AgCdISe-1,719,False
1SSeSn2-1,720,False
4AsPtS-1,721,False
1HgI2S2Sn2-1,722,False
2BrIrS-1,723,False
2INb2Te6-1,724,False
2IRe3Se4-1,725,False
2GaI3-1,726,False
2ClIrSe-2,727,False
1MgK2H4S10-1,728,False
2BrCdCuTe-1,729,False
2GaSeSi-1,730,False
1PtS2-1,731,True
2GaGeSe-1,732,False
1GaLiP2Se6-1,733,False
1SnBr2S2-1,734,False
1PtTe2-1,735,True
1InAu3Br4O4-1,736,False
1SBi2Se2-1,737,False
2SeSn-1,738,True
1AlNaAs2Se6-1,739,False
4NiPS-1,740,False
2IRhS-2,741,False
1PdNa2H6S6-1,742,False
4PSSi-1,743,False
2HNaTe-1,744,False
2CdCuISe-1,745,False
1AsClSe-1,746,True
4RhS2-1,747,False
2TeZn-1,748,False
1IInAu3Br3O4-1,749,False
2BrTa2Te6-1,750,False
2AlTe-1,751,True
2TlPd2Se3-1,752,False
2TlNi2S3-1,753,False
1MgNa2Se2H4S8-1,754,False
2SbI3-1,755,False
1PdSSePt3Cl6-1,756,False
2IZn-1,757,False
2GaTe-1,758,True
2CdTe-1,759,False
1BiITe-1,760,True
2TeAu2O6-1,761,False
2GeInS-1,762,False
2GaGeSe3-1,763,False
1MgNa2H4S10-1,764,False
2ClIrTe-2,765,False
1Bi2S3-1,766,False
1BrCoSe-1,767,False
1GeI2-1,768,True
1CoLiP2Se6-1,769,False
1PbNa2H6S6-1,770,False
1GePbSSe-1,771,False
2GeInSe-1,772,False
4HgI2-1,773,False
2TlPd2Te3-1,774,False
2AgClHgSe-1,775,False
1HgI2-1,776,False
4ClCuSe-1,777,False
2InTe-1,778,True
2InSSi-1,779,False
1P2Pd3S8-1,780,False
2PtN2O6-1,781,False
1SnSe2-1,782,True
1PbSb2Se4-1,783,False
1InNaAs2S6-1,784,False
2PbTe-1,785,True
1CuInP2S6-1,786,False
2PdSeCl2-1,787,False
1P2Pt3S8-1,788,False
2PtS2-1,789,False
2AgCdITe-1,790,False
1InLiAs2S6-1,791,False
2RuSe2-1,792,False
4AsPdS-1,793,False
1GaInTe2-1,794,False
2AgClHgTe-1,795,False
2InPd2Se3-1,796,False
4ClCuTe-1,797,False
2AgBr-1,798,False
2CPPbH3S3-1,799,False
1IRhSe-1,800,False
2HPPbS3-1,801,False
1SeSn-1,802,True
2ClCuHgTe-1,803,False
2TaI2Te2-1,804,False
4Ga2Te3-1,805,False
1CoNaP2Se6-1,806,False
2AgClHgS-1,807,False
2InPd2Te3-1,808,False
1AgInP2S6-1,809,False
4AsPdSe-1,810,False
2ITa2Te6-1,811,False
1Al2Te5-1,812,False
1SeTeW-1,813,True
2InSeSi-1,814,False
1AsClTe-1,815,True
1AgCuBr2-1,816,False
2TlNi2Se3-1,817,False
4AuClTe-1,818,False
2InPS3-1,819,False
4CoS2-1,820,False
1AgAlP2Se6-1,821,False
2CdPSe3-1,822,False
4BBiS3-1,823,False
2IrNiS4-1,824,False
2RhI3-1,825,False
1ISbSe-1,826,True
1AuInSI2-1,827,False
1SnSb2Se4-1,828,False
1AgGaP2S6-1,829,False
2PtSe2-1,830,False
2BrIrSe-2,831,False
2CdCuITe-1,832,False
1InNaAs2Se6-1,833,False
4NiPSe-1,834,False
2ClCuSe2-1,835,False
2BrCuHgS-1,836,False
2AgBrHgSe-1,837,False
1MoTe2-1,838,True
2OsS2-1,839,False
2FeSe2-1,840,False
2PZnSe3-1,841,False
2ClCuO2-1,842,False
2AuCdITe-1,843,False
1P2Ni3S8-1,844,False
1AsBrSe-1,845,True
2PdS2-1,846,False
1GaInP2Se2S4-1,847,False
2HgI-1,848,False
2AgBrHgTe-1,849,False
1BiCuP2S6-1,850,False
2InNi2Se3-1,851,False
1BrCoTe-1,852,False
2In2Te3-2,853,False
2AlGeTe-1,854,False
2BrCu-1,855,True
2ClCuTe2-1,856,False
1ISSb-1,857,True
4SSbSi-1,858,False
2AgBrHgS-1,859,False
4PSeSi-1,860,False
2CsC2H3S3-1,861,False
2AsSiSe3-1,862,False
2PtTe2-1,863,False
4AsPdTe-1,864,False
1CrSeTe-1,865,True
2AlSiTe3-1,866,False
1SHg2I2-1,867,False
1CoLiAs2Se6-1,868,False
4AsSeSi-1,869,False
1NiPd3Se8-1,870,False
2NiS2-1,871,False
1PdSe2-1,872,True
1AuClPdSe-1,873,False
2CGePH3S3-1,874,False
2ZnP2S4-1,875,False
2ZnAs2S4-1,876,False
1SeS3I4Pt4-1,877,False
2AgI-1,878,False
1Cl2Cu2S3As4-1,879,False
2PdTe2-1,880,False
1SeAu2O4-1,881,False
4AsNiS-1,882,False
4AuClSe-1,883,False
2ClRe3Te4-1,884,False
1WMo3Te8-1,885,False
1CoNaAs2Se6-1,886,False
2GaGeTe-1,887,False
1NiS2-1,888,True
4AuBrTe-1,889,False
2AlGeTe3-1,890,False
1ISbTe-1,891,True
4BrCuTe-1,892,False
1AgGaP2S2Se4-1,893,False
2AgClTe2-1,894,False
1BrSbTe-2,895,True
1CuSbP2S6-1,896,False
1Ga2Te5-1,897,False
1CrMo3Te8-1,898,False
1P2Pd3Se8-1,899,False
2GePS3-1,900,False
1AuBiP2S6-1,901,False
1AuCuBr2-1,902,False
4AgClSe-1,903,False
2AgClSe2-1,904,False
2AuCl-1,905,False
2AgHgISe-1,906,False
2BiSbSe3-1,907,False
2TeZnN2H4-1,908,False
1AgInP2Se6-1,909,False
1MgB2H8-1,910,False
1AgAlAs2Se6-1,911,False
1MoAu2Se4-1,912,False
1In2Te5-1,913,False
2Sb2S3-1,914,False
1CuInP2Se6-1,915,False
2BrPt-1,916,False
2IIrS-2,917,False
1GeS-1,918,True
4AsGeS-1,919,False
1GeS2-2,920,True
1PbTe-1,921,True
2AuBrHgTe-1,922,False
1SSeGe2-1,923,False
2CuHgIS-1,924,False
2AgHgITe-1,925,False
2CuHgISe-1,926,False
2RuTe2-1,927,False
1AgGaP2Se6-1,928,False
2PdI2-1,929,False
2GaSiTe-1,930,False
2SnTe-1,931,True
2InSiTe3-1,932,False
2BrCuO2-1,933,False
2AgHgIS-1,934,False
2BiPS3-1,935,False
2IIrTe-2,936,False
2IIrSe-2,937,False
2BrRe3Te4-1,938,False
2AsI3-1,939,False
2BrCuTe2-1,940,False
1PbSe2-1,941,False
4AgBrTe-1,942,False
2CuSbS2-1,943,False
2ClCuI2-1,944,False
2MoWTe4-1,945,False
2AsIrTe3-1,946,False
1Br2Cu2S3P4-1,947,False
2GeSe-1,948,True
4HgSe-1,949,False
2CPbSbH3S3-1,950,False
1Ag2Cl2Se3As4-1,951,False
4AsSeSn-1,952,False
2AgIBr2-1,953,False
1AgCuI2-1,954,False
2SeTl-2,955,True
1AuSbP2S6-1,956,False
1PdS2-2,957,True
4GePS-1,958,False
2GeInTe3-1,959,False
2AgBrTe2-1,960,False
1TeSb2Se2-1,961,False
1AgBiP2Se6-1,962,False
1GeSe-1,963,True
2CrMoTe4-1,964,False
4AgClS-1,965,False
1PbS2-1,966,False
2CuHgITe-1,967,False
2AsCSnH3S3-1,968,False
1SeSb2Te2-1,969,False
4AuBrSe-1,970,False
4SbSeSi-1,971,False
2Cl2Cu2S3-1,972,False
4AuClS-1,973,False
4GeSSb-1,974,False
2CSbSnH3S3-1,975,False
2AgClNC3H4-1,976,False
2OsSe2-1,977,False
1Ag2Cl2Se3P4-1,978,False
2HInTeS4-1,979,False
4PtI2-1,980,False
1SnSb2Te4-1,981,False
1Ag2Br2Se3As4-1,982,False
2CuI-1,983,False
1IOsPtBr5-1,984,False
1AsISe-1,985,True
4AuITe-1,986,False
2AuBr-1,987,False
1SnTe-1,988,True
4HgTe-1,989,False
1MoW3Te8-1,990,False
2AuClTe2-1,991,False
2IRe3Te4-1,992,False
2IrI3-1,993,False
2PdI2O6-1,994,False
1As2Pd3Se8-1,995,False
2PtTeS3-1,996,False
4GePSe-1,997,False
1Ag2I2S3Sb4-1,998,False
1MoCr3Te8-1,999,False
1CSiH2-1,1000,True
1Br2Cu2Se3P4-1,1001,False
1P2Ni3Se8-1,1002,False
1CuSbP2Se6-1,1003,False
2CuISe2-1,1004,False
2P2S3-1,1005,False
2InSiTe-1,1006,False
4GeSbSe-1,1007,False
2PdTeS3-1,1008,False
1Ag2Br2Se3P4-1,1009,False
2CuINC3H4-1,1010,False
2CH-1,1011,True
2CGeSbH3S3-1,1012,False
4SiP2-1,1013,False
1Cu2I2Se3Sb4-1,1014,False
2AgITe2-1,1015,False
1AsITe-1,1016,True
2ISb-1,1017,False
2AuClSe2-1,1018,False
2HP3S6-1,1019,False
2NiTeS3-1,1020,False
4AgITe-1,1021,False
4P2S3-1,1022,False
2AuBrTe2-1,1023,False
4CuIS-1,1024,False
1STeGe2-1,1025,False
1WTe2-1,1026,True
1AsIS-1,1027,True
1CrTe2-2,1028,True
1RuBr2-1,1029,True
4AuBrS-1,1030,False
2IPt-1,1031,False
1CrW3Te8-1,1032,False
2AuI-1,1033,False
1WCr3Te8-1,1034,False
2AuClS2-1,1035,False
1PbAs2Te4-1,1036,False
2CrWTe4-1,1037,False
4ReTe2-1,1038,False
2AuS-1,1039,False
4NiI2-1,1040,False
4AuISe-1,1041,False
2TeTl-2,1042,False
1Cu2I2Se3P4-1,1043,False
2AgIS2-1,1044,False
2AuSbS3-1,1045,False
4AgISe-1,1046,False
4SiAs2-1,1047,False
1AgAlP2Te6-1,1048,False
4PSiTe-1,1049,False
2NiTe2-1,1050,False
1AgSbAs2Se6-1,1051,False
4AsSiTe-1,1052,False
1CuSbAs2Se6-1,1053,False
1SeAs2Te2-1,1054,False
4SiTe2-1,1055,False
1SAs2Te2-1,1056,False
2CuSe-4,1057,False
2GeTe-1,1058,True
2AsSnTe3-1,1059,False
2P2Se3-2,1060,False
4AsGeTe-1,1061,False
1Tl2Te5-1,1062,False
4AuI2-1,1063,False
1GeTe-1,1064,True
4GePTe-1,1065,False
4AuIS-1,1066,False
2OsTe2-1,1067,False
4GeSbTe-1,1068,False
2HSi-1,1069,True
1AgBiP2Te6-1,1070,False
4SbSiTe-1,1071,False
2AgSe-1,1072,False
2GePTe3-1,1073,False
4P-1,1074,True
1AgSbP2Te6-1,1075,False
2P-1,1076,False
4As-1,1077,True
2AsTe-1,1078,False
4GeSb2-1,1079,False
2AgTe-3,1080,False
2AgS-1,1081,False
2Sb-1,1082,False
2GeH-1,1083,True
2PSb-1,1084,False
