uid,comp_key,fom_ref,rank_mean,rank_entropy
2BrTl-1,Br1-Tl1,9210.806793424372,3.9695,0.30441519200734796
2AsIrTe3-1,As1-Ir1-Te3,14619.341959391912,6.0815,0.3950522672439688
2BiPO4-1,Bi1-O4-P1,5843.667583340577,8.189,0.35576309461640543
2GaTe-1,Ga1-Te1,5700.694008491969,8.855,0.36082812547124204
2TeTl-2,Te1-Tl1,6033.344490228499,12.995,0.5359724174689107
2GeH-1,Ge1-H1,4749.548706640416,13.216,0.40671325543462405
1BiFS2O6-1,Bi1-F1-O6-S2,4306.718130959415,17.4125,0.4656167761080385
1BiHS2O6-1,Bi1-H1-O6-S2,4165.241614795537,18.926,0.4879456653196079
4HgTe-1,Hg1-Te1,3698.633955033675,19.267,0.5625511235804685
2ISb-1,I1-Sb1,5408.423230973597,19.4885,0.5837180453829203
2Sb-1,Sb1,4156.135109637235,19.667,0.4953829765227705
2PbTe-1,Pb1-Te1,3754.4503485893965,21.4535,0.5881724105505663
2GeInSe-1,Ge1-In1-Se1,3913.96433761655,22.48,0.5629159118895052
2TeZn-1,Te1-Zn1,3943.646719490916,22.6195,0.5197904397463906
2CdTe-1,Cd1-Te1,3864.7170293265635,24.2765,0.5271004337760703
2AlGeTe-1,Al1-Ge1-Te1,3926.8474234510354,24.422,0.534268516331971
2GaGeTe-1,Ga1-Ge1-Te1,3938.4183680726114,24.7585,0.551426173351571
4HgSe-1,Hg1-Se1,3369.159376740053,26.5005,0.6172146331967064
2PbSe-1,Pb1-Se1,3788.2816327033283,27.2695,0.5500661310355911
2AlGeTe3-1,Al1-Ge1-Te3,3595.0969732079175,32.391,0.5822320586089772
2GeInS-1,Ge1-In1-S1,3379.991165746428,32.7065,0.6492713744111799
2GaGeSe3-1,Ga1-Ge1-Se3,3556.9771702395383,33.9425,0.5872413871142486
2AuCdITe-1,Au1-Cd1-I1-Te1,3511.818614684735,35.3705,0.5884898242722912
1PtTe2-1,Pt1-Te2,4758.317181517642,36.5375,0.6578876767781288
2InSiTe-1,In1-Si1-Te1,3418.6041197893937,36.9645,0.6468246329567612
2AlGeSe3-1,Al1-Ge1-Se3,3421.407477283184,38.338,0.6089819849656395
2GeInTe3-1,Ge1-In1-Te3,3405.1714235802556,39.712,0.6276182448190354
2SeZn-1,Se1-Zn1,3357.9765138953203,42.0425,0.6258898276632534
2GaGeSe-1,Ga1-Ge1-Se1,3013.901970598015,47.054,0.7117286907913978
2CdSe-1,Cd1-Se1,3253.9335834944977,47.7075,0.645420977447787
2SeSn-1,Se1-Sn1,3215.297796115263,50.7695,0.6606946454167902
2SeTl-2,Se1-Tl1,2721.930695344999,52.0275,0.7265432070514053
2PZnSe3-1,P1-Se3-Zn1,3165.7647923979316,52.4175,0.6600443093198428
2InTe-1,In1-Te1,3163.5740569845752,52.64,0.6606142159767966
1MgGa2Se4-1,Ga2-Mg1-Se4,3112.659009236181,53.982,0.6933184859630825
2GaSe-1,Ga1-Se1,3111.064402589882,55.5975,0.6702806972996859
1MgAl2Te4-1,Al2-Mg1-Te4,2990.4944652804033,63.7615,0.7078740316412262
1AsClTe-1,As1-Cl1-Te1,3000.061464036183,64.0825,0.6929033482416128
1Ga2Mg2Se5-1,Ga2-Mg2-Se5,3015.956791014618,64.3815,0.7081595271199472
1ClSbTe-1,Cl1-Sb1-Te1,3007.2788872409556,64.7855,0.6922743162269441
2AsTe-1,As1-Te1,2974.5157781421203,66.1795,0.6975076869354532
1SSeBi2Cl2-1,Bi2-Cl2-S1-Se1,2987.5935427341597,66.3835,0.6983952639758266
2CdPSe3-1,Cd1-P1-Se3,2977.514972688972,66.902,0.70292480917108
2AlGeSe-1,Al1-Ge1-Se1,2988.378377158171,67.2965,0.7087832210614051
2GePTe3-1,Ge1-P1-Te3,3031.683793710147,67.746,0.7219162310393118
2SbTlO3-1,O3-Sb1-Tl1,2947.603571150643,67.8275,0.7023926537520311
2GaGeS3-1,Ga1-Ge1-S3,2950.12322301325,68.9025,0.7018822438879982
1BiHTe2O6-1,Bi1-H1-O6-Te2,2908.580529619629,69.7405,0.7042171824920536
2InSiSe3-1,In1-Se3-Si1,2944.469101939429,70.578,0.7037958233339294
1MgAl2Se4-1,Al2-Mg1-Se4,2930.3764536885487,71.015,0.707743524383114
2CdS-1,Cd1-S1,2903.2657459912366,71.826,0.7087250089315582
1CdGaInS4-1,Cd1-Ga1-In1-S4,2919.3113351667685,71.874,0.7197915809169131
2AgBrCdSe-1,Ag1-Br1-Cd1-Se1,2920.7099761581426,72.03,0.7124853147659677
2GaSeSi-1,Ga1-Se1-Si1,2937.771752400503,72.4675,0.7121628010386355
2CdCuITe-1,Cd1-Cu1-I1-Te1,2912.9737858512385,72.673,0.7085947957335788
1SSeSn2-1,S1-Se1-Sn2,2918.1831618031542,72.858,0.7128907848259911
1MgIn2Se4-1,In2-Mg1-Se4,2912.8170128928796,73.541,0.7097356509938763
1In2Mg2Te5-1,In2-Mg2-Te5,2749.6444100222734,75.8425,0.7724930503753132
1Al2Mg2Se5-1,Al2-Mg2-Se5,2867.073555738967,77.122,0.7181106697192454
2CdCuISe-1,Cd1-Cu1-I1-Se1,2850.6516634646778,78.2615,0.7222361542852511
2GeSe-1,Ge1-Se1,2872.5475612079827,78.826,0.7248434422011125
2SSn-1,S1-Sn1,2851.0801125833013,79.5675,0.7248778985747361
1GePbSSe-1,Ge1-Pb1-S1-Se1,2849.197897485647,79.772,0.7248958032337122
2AgCdISe-1,Ag1-Cd1-I1-Se1,2828.823764761445,80.5135,0.7270504309577864
1Al2Mg2Te5-1,Al2-Mg2-Te5,2823.7661555522086,81.3055,0.747276379006279
1CdGa2S4-1,Cd1-Ga2-S4,2819.309607878412,82.431,0.7288170602267784
2SZn-1,S1-Zn1,2802.3086404013497,82.9495,0.7299521342552919
1In2Mg2Se5-1,In2-Mg2-Se5,2826.003762336933,83.874,0.7356300179811521
2InSeSi-1,In1-Se1-Si1,2802.505966026835,84.903,0.731083136787826
2IPt-1,I1-Pt1,5870.543015589285,86.6645,0.6428971148679661
2ClSi-1,Cl1-Si1,2772.0750275232567,86.8015,0.7315906928957231
2BrCdCuTe-1,Br1-Cd1-Cu1-Te1,2757.9966286677845,87.7495,0.7380347394696561
2SnTe-1,Sn1-Te1,2711.3652858568225,88.0175,0.8034799836709406
2AlInSe3-1,Al1-In1-Se3,2758.183493440791,88.561,0.7357630520286783
2CuHgISe-1,Cu1-Hg1-I1-Se1,2759.997353452095,89.281,0.7383129571899215
2PSb-1,P1-Sb1,2745.174003214661,90.413,0.7416123598360496
1MgGa2S4-1,Ga2-Mg1-S4,2733.549062844277,91.2465,0.7374449423906809
1SBi2Se2-1,Bi2-S1-Se2,2597.7294736552244,91.75,0.8029433927511205
1CdIn2S4-1,Cd1-In2-S4,2717.881708495287,91.9585,0.740921925961979
1SeSb2Te2-1,Sb2-Se1-Te2,3599.6028580899256,94.682,0.770574401233426
1CdGeSSeBr2-1,Br2-Cd1-Ge1-S1-Se1,2703.854627769337,95.6015,0.7477987094949685
2GeInS3-1,Ge1-In1-S3,2692.945158811715,95.86,0.747902140889415
2GeTe-1,Ge1-Te1,2777.940094391855,97.5725,0.8017042806839557
1Ga2Mg2S5-1,Ga2-Mg2-S5,2684.195304735638,98.327,0.7491928959953273
2GaS-1,Ga1-S1,2650.380296333518,101.2605,0.7491054896227209
1BiFTe-1,Bi1-F1-Te1,2589.3656731068886,105.54,0.7557798608380136
2CuHgITe-1,Cu1-Hg1-I1-Te1,2631.0066842820042,105.6385,0.7572135829853817
2BrCdCuS-1,Br1-Cd1-Cu1-S1,2614.3895639959,105.908,0.7568480219046239
2FSi-1,F1-Si1,2616.1681554216816,106.661,0.7595117793040568
1PbTe-1,Pb1-Te1,2614.617063698494,106.906,0.7555438669038272
2CdClCuS-1,Cd1-Cl1-Cu1-S1,2613.31412623891,107.964,0.7601852294034395
2GaSSi-1,Ga1-S1-Si1,2617.3892568466968,108.172,0.7598351311378714
1AlCdInS4-1,Al1-Cd1-In1-S4,2605.547370110847,109.517,0.7631558254151231
1STa2Te2-1,S1-Ta2-Te2,8029.746836657724,110.429,0.5590171590062105
2ClNTi-1,Cl1-N1-Ti1,2588.9893023469936,111.3575,0.7648346875300939
1MgIn2S4-1,In2-Mg1-S4,2590.7848861026773,111.5675,0.7663975704002386
1GaInS2-1,Ga1-In1-S2,2565.779683589314,112.6835,0.7610910000959443
2Ga2Se3-1,Ga2-Se3,2575.0404500968984,114.215,0.763554496537589
2InSbO3-1,In1-O3-Sb1,2564.263876773646,114.5745,0.7648472477729045
2IZn-1,I1-Zn1,2555.04280153631,114.8535,0.7682058361732728
1MgAl2S4-1,Al2-Mg1-S4,2557.826103716552,115.634,0.7642512883008329
1Ga2Te5-1,Ga2-Te5,2544.030090132372,117.9625,0.7689347739213674
1GeI2-1,Ge1-I2,2536.6027926092725,119.2325,0.7731439203365398
2AlSiS3-1,Al1-S3-Si1,2515.4784520931325,119.5075,0.7678009057791312
1Al2Mg2S5-1,Al2-Mg2-S5,2525.0412422180325,121.1375,0.7739828675231982
2P-1,P1,2513.180524971532,121.7635,0.7715606553174919
1SSeGe2-1,Ge2-S1-Se1,2530.9797903078,122.4005,0.7713730054969583
2InS-1,In1-S1,2510.1753019300672,122.409,0.7730856965152154
1N2O2Hf3-1,Hf3-N2-O2,3354.552164286194,122.8395,0.7721308150304084
1NiPd3Se8-1,Ni1-Pd3-Se8,2855.1267064890903,123.9815,0.8419799194356665
1In2Mg2S5-1,In2-Mg2-S5,2501.773176472675,125.5675,0.7768484785652012
2CuHgIS-1,Cu1-Hg1-I1-S1,2486.9855884230296,125.9545,0.7760504479620662
2BrNTi-1,Br1-N1-Ti1,2497.5496146450455,126.4935,0.7781778719473705
2PZnS3-1,P1-S3-Zn1,2479.1380496596366,127.579,0.7782113242995446
2BrCuHgS-1,Br1-Cu1-Hg1-S1,2469.41820523315,128.164,0.776440359880039
2CdPS3-1,Cd1-P1-S3,2475.0838060785754,129.494,0.7815114643830435
2HSi-1,H1-Si1,2447.658081251702,131.3575,0.7771887341585235
4SiAs2-1,As2-Si1,2446.1505299390833,134.225,0.7824856973619392
2BrGa-1,Br1-Ga1,2434.4715457860193,135.1595,0.7840389361132718
2HfIN-1,Hf1-I1-N1,2432.0397777146077,136.058,0.7825485838201853
1PtS2-1,Pt1-S2,2430.075855181547,137.2095,0.7850996677216814
4P-1,P1,2432.3058537153797,137.4385,0.7872675305036214
2BrInTe-1,Br1-In1-Te1,2401.4970910972957,139.6245,0.7851199837073753
2InSSi-1,In1-S1-Si1,2417.8143004032545,140.4405,0.7817466428112928
2InSiS3-1,In1-S3-Si1,2425.6971284667547,140.53,0.7852721855775058
1SiS2-2,S2-Si1,2396.2105228277073,143.0075,0.7877665771062093
2In2S3-1,In2-S3,2399.7766650488243,143.263,0.7849347262236925
2GePS3-1,Ge1-P1-S3,2387.411307769686,143.3945,0.7881983896213011
1Bi2S3-1,Bi2-S3,2325.2556786308396,143.7955,0.8301322626039286
1PbSe2-1,Pb1-Se2,2374.559337097316,144.7515,0.7899331399541097
2ClInTe-1,Cl1-In1-Te1,2372.0271079016347,145.012,0.7916556824087341
2MgI2-1,I2-Mg1,2381.8361086899276,145.21,0.7887284504863842
1GaInTe2-1,Ga1-In1-Te2,2376.9438204151925,146.3395,0.784906094409157
1SnI2-1,I2-Sn1,2365.9349625158015,147.397,0.7894379421232672
1STeGe2-1,Ge2-S1-Te1,2381.8789031012284,148.4795,0.8057909160736367
1AgAlP2Se6-1,Ag1-Al1-P2-Se6,2356.5451156238737,151.631,0.7942470218173875
1BrITl2-1,Br1-I1-Tl2,2349.861096592557,151.737,0.7918760418630475
1GeTe-1,Ge1-Te1,2339.498057534658,151.955,0.7915091298106424
2FInTe-1,F1-In1-Te1,2337.0992671865374,153.6785,0.7931326718442313
1PdSe2-1,Pd1-Se2,2150.3907238071306,154.904,0.8579762169988399
2FInS-1,F1-In1-S1,2321.1678318598415,155.473,0.7970275881126336
1PtSnS4-1,Pt1-S4-Sn1,2329.0877373134185,156.322,0.7953678790027753
1BrClN2Ti2-1,Br1-Cl1-N2-Ti2,2342.3660706719893,156.8505,0.7941703786506832
2FGaSe-1,F1-Ga1-Se1,2314.4737721619913,157.2245,0.7934723985875006
2BrGaTe-1,Br1-Ga1-Te1,2322.5737819649435,157.7085,0.7980273753110478
2GaInO3-1,Ga1-In1-O3,2316.692310894378,158.0115,0.7934453477401033
1BiClTe-1,Bi1-Cl1-Te1,2292.036658187704,159.578,0.7902863221047673
1AgGaP2S2Se4-1,Ag1-Ga1-P2-S2-Se4,2300.1333007556377,160.4255,0.7957256002482901
2HgI-1,Hg1-I1,2303.4201739809673,161.048,0.7980858426693369
2GeZnO3-1,Ge1-O3-Zn1,2291.0873105922906,161.4975,0.7981525441773678
1TeCd2I2-1,Cd2-I2-Te1,2287.0445440951726,162.9195,0.7988204239766848
1GeS2-2,Ge1-S2,2279.519779495838,163.751,0.7992039973996677
2FGaTe-1,F1-Ga1-Te1,2286.0254127259577,164.874,0.8010030352550598
2IInTe-1,I1-In1-Te1,2282.122876179082,165.2255,0.801608488464037
1CdI2O2Sn2-1,Cd1-I2-O2-Sn2,2270.7183391395547,166.4935,0.8037050244892129
2AlITe-1,Al1-I1-Te1,2262.0127680111455,167.9795,0.8008064436112939
2BrZn-1,Br1-Zn1,2255.5782013281564,170.66,0.8051952797576867
1GaRhIr2Br4S4-1,Br4-Ga1-Ir2-Rh1-S4,2194.33219948796,170.684,0.8619132370319196
4BrCd-1,Br1-Cd1,2247.2668320693983,171.211,0.7971667330083761
2CPSnH3O3-1,C1-H3-O3-P1-Sn1,2239.5647938032052,171.5665,0.8024615791758155
4SiP2-1,P2-Si1,2248.0685243375037,173.245,0.800740701774914
2ClGaSe-1,Cl1-Ga1-Se1,2234.3817400140692,174.67,0.8080145590787602
1AgGeTaCl2S4-1,Ag1-Cl2-Ge1-S4-Ta1,2229.328147493428,175.2935,0.8080355523953908
1BiITe-1,Bi1-I1-Te1,1960.5905696360091,175.848,0.8705853184499549
2AlClTe-1,Al1-Cl1-Te1,2232.244705914027,176.059,0.7990583263153778
1BiBrTe-1,Bi1-Br1-Te1,2199.4816685288692,176.466,0.8212066779164625
2BrGaSe-1,Br1-Ga1-Se1,2217.9675832325483,178.654,0.8051876543869139
2GaITe-1,Ga1-I1-Te1,2219.734467343572,179.2005,0.8057571514229636
2AlAsS3-1,Al1-As1-S3,2212.65097747379,179.5605,0.8122983780021449
2AlClSe-1,Al1-Cl1-Se1,2205.94329836329,180.4265,0.8044722350108127
1SnSb2Se4-1,Sb2-Se4-Sn1,2953.387784447236,181.7725,0.8535802286651979
2ZrSe3-1,Se3-Zr1,2083.874582597734,183.062,0.8564870655712059
2BrHfN-1,Br1-Hf1-N1,2204.1433923776117,183.1905,0.8055562195737959
2ClInSe-1,Cl1-In1-Se1,2195.519903109872,183.84,0.8082810997878122
1MgBr2-1,Br2-Mg1,2193.025789691328,185.2665,0.8089573484261027
2FISr-1,F1-I1-Sr1,2182.7305011340995,186.4445,0.8108552550857787
2ITaO2-1,I1-O2-Ta1,2186.8891767247696,186.9655,0.8101873025408004
2GaO-1,Ga1-O1,2178.010148029758,188.2885,0.8131182639068267
2BrInSe-1,Br1-In1-Se1,2181.4336763762126,188.4065,0.8095886320146845
1GaIrI2S2-1,Ga1-I2-Ir1-S2,2166.8268065224015,189.811,0.8393836072976222
2BrTaO2-1,Br1-O2-Ta1,2171.393729572554,190.9365,0.8106290077841669
1BrISCd2-1,Br1-Cd2-I1-S1,2151.3154529018598,192.9375,0.8085259709216833
2ClTaO2-1,Cl1-O2-Ta1,2152.493916024501,193.2575,0.8072016260807517
1PbBr2-1,Br2-Pb1,2161.1876885575307,193.334,0.8099982599686073
1CuInP2Se6-1,Cu1-In1-P2-Se6,2162.223196841728,193.829,0.8043895879989084
1PtSe2-1,Pt1-Se2,2154.626799946079,196.135,0.8113778788609769
2GaSiTe-1,Ga1-Si1-Te1,2160.8844124556203,196.4925,0.8198206326755733
1AgSbAs2Se6-1,Ag1-As2-Sb1-Se6,2120.075261209756,199.613,0.8250521382796019
2ClGaTe-1,Cl1-Ga1-Te1,2133.008533514769,200.07,0.8139673813153844
1GeSZnBr2-1,Br2-Ge1-S1-Zn1,2124.180367081901,200.7805,0.8162521559493948
1AgAlAs2Se6-1,Ag1-Al1-As2-Se6,2132.9185058831204,202.7495,0.820465620837767
1WO2-1,O2-W1,2119.361035521556,203.699,0.8116391450449456
1AlISe-1,Al1-I1-Se1,2105.358743391737,205.2435,0.8158990999557783
2CuI-1,Cu1-I1,2113.9951478755247,205.3615,0.8167222479546384
1SnSe2-1,Se2-Sn1,2112.5348307569843,205.9135,0.8205634517864662
4NbS3-2,Nb1-S3,1994.493694871091,205.988,0.8675674816994692
1GeO2-1,Ge1-O2,2099.750790140804,206.8425,0.8209042155736961
2BrGaO-1,Br1-Ga1-O1,2103.9720970622116,207.388,0.8148890807421741
1HfSe2-1,Hf1-Se2,2078.5508374799315,207.6225,0.822899478668681
2AlBrTe-1,Al1-Br1-Te1,2085.9330875964984,208.535,0.8114502969689111
1TeSb2Se2-1,Sb2-Se2-Te1,2067.8825580465327,209.188,0.9107569748861979
2GaIS-3,Ga1-I1-S1,2086.833440241191,210.332,0.8200345731625155
1PbS2-1,Pb1-S2,2075.1066346006846,213.8355,0.8238945703804239
2IInSe-1,I1-In1-Se1,2075.598698220729,214.3815,0.8177563215095702
1SnTe-1,Sn1-Te1,2070.584488615278,214.646,0.8178476769345652
1SnO2-1,O2-Sn1,2073.618584236146,214.712,0.8199837715023547
2AgTe-3,Ag1-Te1,2048.531227022473,214.944,0.9013119586017312
2BrInS-1,Br1-In1-S1,2054.0013490912784,219.8595,0.8247176920417117
1BiScCl2O2-1,Bi1-Cl2-O2-Sc1,2045.4648681049123,221.1145,0.8213977023382272
1In2Te5-1,In2-Te5,2047.0160636935755,221.542,0.8201578279606236
1PbSb2Se4-1,Pb1-Sb2-Se4,1739.0453717101695,221.706,0.9114150679936065
1CuSbP2Se6-1,Cu1-P2-Sb1-Se6,2040.152402019458,222.3615,0.822591705611186
1PdS2-2,Pd1-S2,2059.5145192981727,222.786,0.823862301793816
1NiS2-1,Ni1-S2,1945.074881311825,227.499,0.8734992293190571
1CCl2Y2-1,C1-Cl2-Y2,2021.6362284708923,228.414,0.8214769384731644
1Al2Te5-1,Al2-Te5,2021.2356962384492,228.7755,0.8134025508245551
2IRhTe-2,I1-Rh1-Te1,2024.675042143213,230.0095,0.8246664986547536
2MoCl3-3,Cl3-Mo1,1878.5198003144446,230.995,0.9034421631428169
2BrHg-1,Br1-Hg1,2008.4138749631384,231.128,0.8222624582431747
2ClInS-1,Cl1-In1-S1,2014.7067858546534,231.547,0.8229796704717619
2AlGeS3-1,Al1-Ge1-S3,2011.4726097913153,233.2725,0.8272994470084912
1WSe2-1,Se2-W1,2020.333864770097,233.624,0.8237716754800138
1SnSb2Te4-1,Sb2-Sn1-Te4,2673.741645475583,234.2785,0.825776223299588
1CdBr2-1,Br2-Cd1,1999.1062962671233,234.4685,0.8205903286109505
1AgAlP2S6-1,Ag1-Al1-P2-S6,1994.2154265052354,235.5545,0.824077219343051
2AgI-1,Ag1-I1,1999.2916885427585,236.8175,0.82499814476994
1PbBi2S4-1,Bi2-Pb1-S4,1902.955671918485,238.0235,0.8849650103052463
4PSeSi-1,P1-Se1-Si1,1984.7674112237898,238.6115,0.8287271869790587
1SnS2-1,S2-Sn1,1986.2382619676894,238.976,0.8240385713326872
2FGaO-1,F1-Ga1-O1,1982.2600249391799,239.104,0.8272413298718103
1WS2-1,S2-W1,1990.415981080677,239.2695,0.825494886496588
2BrRhTe-1,Br1-Rh1-Te1,1982.4945007482952,239.963,0.8315152444872768
1ZrSe2-1,Se2-Zr1,1939.716532511361,241.5635,0.8413604309733849
2BrFSr-1,Br1-F1-Sr1,1963.6609745132102,244.3785,0.8290363175291571
2AlBrO-1,Al1-Br1-O1,1967.542961063257,244.9905,0.8250052149562609
4AuITe-1,Au1-I1-Te1,1975.7703718840698,245.8235,0.832549101688989
2ClGaO-1,Cl1-Ga1-O1,1955.6970694850957,247.6565,0.8294150105750882
1GeS-1,Ge1-S1,1951.9708300353811,248.7875,0.8310990405481833
2IIrTe-2,I1-Ir1-Te1,1959.5298012561466,248.9105,0.8270558457640126
2MgCl2-1,Cl2-Mg1,1952.9277406370811,249.4335,0.8283586616473136
2ClGaS-1,Cl1-Ga1-S1,1945.1640194208683,249.6335,0.826650542744421
1Br2Se2Pb3-1,Br2-Pb3-Se2,1955.588919209041,250.0875,0.8283188676811842
2FNTi-1,F1-N1-Ti1,1946.3195643157273,250.4775,0.8263308440564954
2HNaTe-1,H1-Na1-Te1,1944.9665884437836,251.465,0.8349759343321311
1MgCl2-1,Cl2-Mg1,1937.2436669111169,252.269,0.8300401453520014
4As-1,As1,1945.9976951545539,252.72,0.8290327853907309
2AlTe-1,Al1-Te1,1940.0177592024354,254.788,0.8266536090970605
2AsMgSe3-1,As1-Mg1-Se3,1929.7386801185226,256.0085,0.8312978227805486
2BrCu-1,Br1-Cu1,1924.002765996672,256.7745,0.8317851781804412
1ClISSeGa2-1,Cl1-Ga2-I1-S1-Se1,1915.2504332912245,257.548,0.8267611317391479
2BiPS3-1,Bi1-P1-S3,1915.3998661522144,257.854,0.8310729430113564
1CuInP2S6-1,Cu1-In1-P2-S6,1916.318690070982,258.6465,0.8287275573411528
1BiFSe-1,Bi1-F1-Se1,1911.791781918342,259.206,0.8109165933436069
2PtTe2-1,Pt1-Te2,1913.9341479451193,261.8955,0.8323388381415177
1MgI2-1,I2-Mg1,1907.8253164561625,263.6,0.8315102832936077
1MoO2-1,Mo1-O2,1902.8190401509635,264.062,0.8334039445592714
2MgPS3-1,Mg1-P1-S3,1891.8092634292407,266.163,0.8335905905668388
1WMo3S8-1,Mo3-S8-W1,1904.5556239543357,266.877,0.8357985149932836
1WMo3O8-1,Mo3-O8-W1,1880.3121928387993,267.0805,0.8316275170993783
1GaInBr2S2-1,Br2-Ga1-In1-S2,1892.7726547745226,267.854,0.8283822430905444
4PSiTe-1,P1-Si1-Te1,1889.9457716482038,267.974,0.8324262781099377
1CF2Y2-1,C1-F2-Y2,1881.6423083041661,269.48,0.831662116242501
1MoW3S8-1,Mo1-S8-W3,1886.4440385057892,270.3555,0.8321081371442024
2BaFI-1,Ba1-F1-I1,1874.1968158382656,273.58,0.8280500044601302
1N2O2Zr3-1,N2-O2-Zr3,1912.5902977817675,274.1545,0.8965360941685963
1CCl2Sc2-1,C1-Cl2-Sc2,1861.9458500393607,275.729,0.8323774275337513
2ClIrTe-2,Cl1-Ir1-Te1,1859.9949196703055,276.07,0.8343474481584412
1MgB2H8-1,B2-H8-Mg1,1863.1600872455415,276.4665,0.8331068768185924
2AgBr-1,Ag1-Br1,1865.1385873465515,276.7245,0.8368091400065818
2HISr-1,H1-I1-Sr1,1861.3072759560341,278.0045,0.8322651692421269
1CBr2Sc2-1,Br2-C1-Sc2,1868.5445364376897,278.6365,0.8302510846946759
2HfBr2-1,Br2-Hf1,1852.6834180350288,279.4185,0.8280249343187275
1AgInP2Se6-1,Ag1-In1-P2-Se6,1853.1422491084065,281.4655,0.8310316029852849
2AlClO-1,Al1-Cl1-O1,1846.7353672589586,281.626,0.8366997877593366
1ZnCl2-2,Cl2-Zn1,1849.546989000816,281.844,0.8354435389365252
1ClSbSe-1,Cl1-Sb1-Se1,1843.7398161079009,282.2405,0.8254480092197389
2HNaSe-1,H1-Na1-Se1,1839.5627699777624,282.9625,0.8368657909092613
1SSeW-1,S1-Se1-W1,1852.565826092938,283.1315,0.8348224329646944
2AsMgS3-1,As1-Mg1-S3,1842.4863055503245,283.3515,0.8374816083317864
2BaHI-1,Ba1-H1-I1,1834.3402061233603,286.911,0.834227231902172
2BrCdS-1,Br1-Cd1-S1,1835.4295074143872,286.919,0.8370994810087898
1HfS2-1,Hf1-S2,1831.4132565141795,287.29,0.8287937846211073
1MoS2-1,Mo1-S2,1832.182282603077,288.707,0.837701488207906
2BiCdIO2-1,Bi1-Cd1-I1-O2,1823.839913873491,288.7315,0.8371596696542538
2IInS-1,I1-In1-S1,1825.3340136645422,289.442,0.8313921777011912
1BaH2Se2-1,Ba1-H2-Se2,1816.3538600347972,290.687,0.8327902581960749
2BrClHf-1,Br1-Cl1-Hf1,1828.1589950894825,290.974,0.8300465830216035
1SeSn-1,Se1-Sn1,1813.4455396276037,293.7955,0.8346764337708937
2BrRhSe-1,Br1-Rh1-Se1,1812.443530339274,294.597,0.8377786711364601
1AgInP2S6-1,Ag1-In1-P2-S6,1809.059424517207,295.0355,0.8374662528991434
1STeIn2-1,In2-S1-Te1,1765.9388003119209,295.165,0.8502646974562983
2Al2Te3-1,Al2-Te3,1821.4329260359684,295.346,0.8423476862190791
1CoLiAs2Se6-1,As2-Co1-Li1-Se6,1770.6270174765025,296.5665,0.8601804838596437
2CdCl-1,Cd1-Cl1,1797.1170850811081,296.8595,0.8363382869903647
2BrIrSe-2,Br1-Ir1-Se1,1804.4501911252275,299.1675,0.8312942517241135
1BrClGe2Se2-1,Br1-Cl1-Ge2-Se2,1793.8559657288029,299.324,0.8287294993596365
1CHf2O2-1,C1-Hf2-O2,1792.8985500375516,299.741,0.8302169968827313
1ISbTe-1,I1-Sb1-Te1,1798.498270480554,300.421,0.8232629542830349
2AlSiTe3-1,Al1-Si1-Te3,1796.871425554833,301.4695,0.832982168481303
2BaBrF-1,Ba1-Br1-F1,1784.8651277524614,302.887,0.8375929547843108
1CuSbP2S6-1,Cu1-P2-S6-Sb1,1777.581334932156,304.4795,0.8353385931365646
1CdCl2-1,Cd1-Cl2,1774.769299572476,305.5555,0.8350397859159547
1CdInTlS4-1,Cd1-In1-S4-Tl1,1692.1396375291886,306.117,0.8784636157176537
1STeI2In2-1,I2-In2-S1-Te1,1771.89736435007,306.6475,0.8378667823402206
2BaClI-1,Ba1-Cl1-I1,1768.6248934204539,306.8745,0.8337988309782742
1HgI2S2Sn2-1,Hg1-I2-S2-Sn2,1766.1547734681342,308.5855,0.8342001626883697
2NiTe2-1,Ni1-Te2,1774.7332295973952,309.062,0.8362351851130537
2AsSnTe3-1,As1-Sn1-Te3,1775.6315156056698,309.147,0.9398204959591673
2BrRhS-2,Br1-Rh1-S1,1764.6829979898362,309.213,0.8375789450446776
2IRhSe-1,I1-Rh1-Se1,1770.2891886867542,309.5795,0.8381197874969919
2WF2O2-1,F2-O2-W1,1770.7793248172036,309.6105,0.8314574629874816
4FNZr-1,F1-N1-Zr1,1761.3116041584947,310.0545,0.8364919803535477
1AlNaAs2Se6-1,Al1-As2-Na1-Se6,1763.850031947293,310.094,0.8379345316942983
1AgCuI2-1,Ag1-Cu1-I2,1765.921678566503,310.3675,0.8367341495417803
2ClFSr-1,Cl1-F1-Sr1,1768.5666709154955,310.373,0.8389033397999082
1CrW3Te8-1,Cr1-Te8-W3,1621.5517855038215,310.393,0.9081853942172305
2ClCuI2-1,Cl1-Cu1-I2,1657.1733566356256,310.5625,0.8846648623108139
2IIn-2,I1-In1,1765.2874054724643,310.9395,0.8385856726376978
2HKTe-1,H1-K1-Te1,1764.0034994588643,312.6285,0.8390307721654979
1SrCl2-1,Cl2-Sr1,1755.7254336461192,313.245,0.8346867913172312
1AsITe-1,As1-I1-Te1,1768.9326043755839,313.466,0.8264116584971763
2CaHI-1,Ca1-H1-I1,1754.9651994793453,314.769,0.8379391393046471
1SSeZr-1,S1-Se1-Zr1,1749.2221658242142,315.567,0.8352319973315029
1AgGaP2S6-1,Ag1-Ga1-P2-S6,1750.4365243329303,317.701,0.8374250151090826
1WMo3Se8-1,Mo3-Se8-W1,1751.272904324758,317.919,0.8404490792570527
1CF2Sc2-1,C1-F2-Sc2,1743.3273868011863,318.4435,0.8355607178974443
2IIrSe-2,I1-Ir1-Se1,1741.0452109098278,319.803,0.8378771761347662
2CuSbS2-1,Cu1-S2-Sb1,1739.8333948834381,322.697,0.8379518787981226
1AsClSe-1,As1-Cl1-Se1,1732.0989081568075,322.7785,0.8198256517529282
2MoHg2O4-1,Hg2-Mo1-O4,1730.2941277008524,322.9485,0.8346041688608478
1MoW3Te8-1,Mo1-Te8-W3,1734.8723127512055,324.8445,0.8460397400517554
1MoW3Se8-1,Mo1-Se8-W3,1721.5821510561932,327.87,0.841333405576276
1BrHfZr3Cl7-1,Br1-Cl7-Hf1-Zr3,1694.2942458330774,328.5225,0.8412981225588543
2FRhTe-1,F1-Rh1-Te1,1712.5836379440998,331.016,0.8436324498889275
1WMo3Te8-1,Mo3-Te8-W1,1722.769084193921,331.4175,0.8491653748172675
2AlFO-1,Al1-F1-O1,1698.0864301304164,333.175,0.8404532150260035
2CaFI-1,Ca1-F1-I1,1698.2241820525535,334.196,0.8301781746990059
1OScHf3N3Br4-1,Br4-Hf3-N3-O1-Sc1,1701.1556730982838,334.539,0.8413248130454638
2ClIrSe-2,Cl1-Ir1-Se1,1696.6127933679095,336.064,0.8343871016969606
1MoSSe-1,Mo1-S1-Se1,1692.340123009675,337.5265,0.8377945341694508
2PtTeS3-1,Pt1-S3-Te1,1703.927123271395,337.6745,0.8372781371572801
1WTe2-1,Te2-W1,1690.0313659211013,337.679,0.8489163063517029
1ZnH2O2-1,H2-O2-Zn1,1682.1495675537524,338.2105,0.8367257647046864
1PbCl2-1,Cl2-Pb1,1683.7536089487164,340.1275,0.8392679594801625
4GaISe-1,Ga1-I1-Se1,1682.929565099311,340.2975,0.8349253407328995
1ZrS2-1,S2-Zr1,1686.4909512464778,340.513,0.8332018011414927
1AsBrSe-1,As1-Br1-Se1,1688.6295502371206,340.9695,0.8189976001068994
1BiBrSe-1,Bi1-Br1-Se1,1675.5372608765097,342.7295,0.8267137032724682
1SeTeW-1,Se1-Te1-W1,1684.5840675946222,343.5195,0.8425613079912957
2AsFPbO3-1,As1-F1-O3-Pb1,1658.0519386712197,346.63,0.8364012737895152
2ZrI2-1,I2-Zr1,1391.6764300798436,347.391,0.9195738973246085
1BrClIn2S2-1,Br1-Cl1-In2-S2,1664.599495462053,347.4055,0.8388431909501645
2ZrCl2-1,Cl2-Zr1,1654.658486734915,347.86,0.8482789547030372
4PSSi-1,P1-S1-Si1,1653.9690529087586,350.0165,0.8310615640215421
1ZnBr2-2,Br2-Zn1,1656.4960424806025,350.081,0.8354780443817716
1MgH2S2-1,H2-Mg1-S2,1653.273455233917,350.8435,0.8394435767632864
1SAs2Te2-1,As2-S1-Te2,1686.9486193210785,350.9345,0.9376386687623391
1MoSe2-1,Mo1-Se2,1665.2425263592406,351.1315,0.8394444425478069
2ClRhS-1,Cl1-Rh1-S1,1650.4153120706715,351.335,0.8342925788257948
1BrSbSe-1,Br1-Sb1-Se1,1645.9982491593703,354.69,0.8187675554843864
1ZnF2-1,F2-Zn1,1642.16397808427,354.965,0.8369978092454116
1BaCl2-1,Ba1-Cl2,1639.404977715182,356.789,0.836423767491322
1CdF2-1,Cd1-F2,1636.7609208939193,357.3715,0.8395424181059675
2CuSe-4,Cu1-Se1,1588.6572980645494,357.4915,0.8633008052746614
2FNZr-1,F1-N1-Zr1,1631.3360469534543,359.191,0.8395902212604696
1AsISe-1,As1-I1-Se1,1643.1982031777727,359.214,0.828051305817247
2MoWSe4-1,Mo1-Se4-W1,1644.8451733736138,359.6285,0.8389506606860911
2SrBi2O4-1,Bi2-O4-Sr1,1634.9828379208943,360.233,0.8420624164515766
1SrBr2Ca2S2-1,Br2-Ca2-S2-Sr1,1629.0065600919972,362.5915,0.8412855272839056
2PdTe2-1,Pd1-Te2,1617.6246372686803,365.571,0.8288762273592456
2IIrS-2,I1-Ir1-S1,1619.6290208279797,366.1495,0.8361570064638442
1MoTe2-1,Mo1-Te2,1625.0348706334153,368.0755,0.844838395297124
2CoHO2-1,Co1-H1-O2,1623.9451070415864,368.261,0.838142462692967
2GeHfSe4-1,Ge1-Hf1-Se4,1614.0370014562764,369.305,0.8377955427748653
2IScTe-1,I1-Sc1-Te1,1609.3659825102795,370.4865,0.8315719244549941
1GeSe-1,Ge1-Se1,1604.018793632945,370.715,0.8370151567500503
2ClNZr-1,Cl1-N1-Zr1,1602.019700475593,371.077,0.8332007958222319
1CdCl2S2Sn2-1,Cd1-Cl2-S2-Sn2,1599.0068795505495,372.899,0.837998248262788
4CoS2-1,Co1-S2,1286.5984663966517,375.9875,0.8309221154495494
2AgPO3-1,Ag1-O3-P1,1587.4079155770096,376.7205,0.8391440404932163
2ZrS3-1,S3-Zr1,1595.7430691402615,377.4025,0.8340972366458024
2MoWTe4-1,Mo1-Te4-W1,1593.7858444922845,380.038,0.849010710476045
1HfI2-1,Hf1-I2,1508.300617452743,380.5905,0.8759704735089889
2BrNZr-1,Br1-N1-Zr1,1588.7443942377597,380.7435,0.8362899680421482
2OsS2-1,Os1-S2,1573.15457066328,381.225,0.8408469518876099
1CO2Zr2-1,C1-O2-Zr2,1578.295882813201,381.4375,0.8296784372240557
2Al2S3-1,Al2-S3,1576.3956296122292,382.1115,0.837925642264211
1HgF2-1,F2-Hg1,1569.9669375923406,383.8695,0.8354350602762504
4OPb-1,O1-Pb1,1578.7507916937313,384.0275,0.8343480625272185
2CaF2O2H4-1,Ca1-F2-H4-O2,1570.5003581589456,384.281,0.8360067510294326
2BrCaH-1,Br1-Ca1-H1,1574.8867698925658,384.6135,0.8369684801443613
2FRhSe-1,F1-Rh1-Se1,1564.1911529774216,385.9545,0.8386963860668482
1CdBr2O2Pb2-1,Br2-Cd1-O2-Pb2,1573.3040232083044,386.17,0.8312775630178912
2AgSe-1,Ag1-Se1,1554.4010710733185,386.3925,0.8425105080954032
1AgGaP2Se6-1,Ag1-Ga1-P2-Se6,1568.2150060410477,387.2515,0.8339419152027839
1BiISe-1,Bi1-I1-Se1,1547.4501707274324,387.5445,0.8437819047931026
2ZnAs2O4-1,As2-O4-Zn1,1552.0732470837345,391.7595,0.8384918833801079
1SeAs2Te2-1,As2-Se1-Te2,1404.6469474797047,393.479,0.9587857961352888
2ClIZr-1,Cl1-I1-Zr1,1441.9253543196974,394.0065,0.8853787325723009
2AlS-1,Al1-S1,1548.7229208534268,394.3935,0.8345057050884
2GeZrSe4-1,Ge1-Se4-Zr1,1546.5857467627068,395.9415,0.8355273935953953
2BrCaF-1,Br1-Ca1-F1,1540.8043547551335,397.3345,0.8371791285842787
1OZrBr2-1,Br2-O1-Zr1,1543.517940247248,397.6045,0.8353000426127336
2BrIZr-1,Br1-I1-Zr1,1419.1921920441953,401.089,0.8907005997246885
2FIrSe-1,F1-Ir1-Se1,1534.4430746661224,401.6585,0.8378178696328593
2PtSe2-1,Pt1-Se2,1517.6166041349857,408.313,0.8362299499209486
1CaI2-1,Ca1-I2,1516.942276866498,410.024,0.8347246472914661
1SrI2-1,I2-Sr1,1509.979821200632,411.2065,0.8318296045285593
1HgI2O2Pb2-1,Hg1-I2-O2-Pb2,1508.2433139218151,411.504,0.8348674696336049
1CdIn2F8-1,Cd1-F8-In2,1506.462379854393,411.71,0.84151307517388
2PdTeS3-1,Pd1-S3-Te1,1514.7554926919947,413.288,0.8428168111740784
1AlLiP2Se6-1,Al1-Li1-P2-Se6,1504.2835207706673,413.442,0.8349209886067513
2InBr3-1,Br3-In1,1495.7098979238956,414.0885,0.8327605593362439
1ISbSe-1,I1-Sb1-Se1,1499.2876910269429,415.573,0.8242560015160503
2ClHfN-1,Cl1-Hf1-N1,1495.4600079114014,416.2375,0.8319238574193462
1GeLi2H6O6-1,Ge1-H6-Li2-O6,1499.5687775196714,417.3045,0.8341875531364575
1ZrMo2O8-1,Mo2-O8-Zr1,1486.535695244575,419.614,0.8325366327047811
2CaClH-1,Ca1-Cl1-H1,1488.479212377442,421.179,0.837755835896782
4AlClTe-1,Al1-Cl1-Te1,1484.7011882143727,423.2425,0.8318158410299266
2GaSbO3-1,Ga1-O3-Sb1,1474.7904123047003,423.3945,0.8336962209787953
2FRhS-1,F1-Rh1-S1,1478.8132234207624,423.395,0.8356048381871012
2BiI3-1,Bi1-I3,1474.8495901524789,423.97,0.8385851176458614
1BrSbTe-2,Br1-Sb1-Te1,1478.9069658212404,425.0035,0.8363620705847911
2BrClZr-1,Br1-Cl1-Zr1,1455.3350899098393,425.1615,0.8439157409101572
2NiTeS3-1,Ni1-S3-Te1,1483.6631745435661,425.3815,0.8527935155164912
2AlPSeS2-1,Al1-P1-S2-Se1,1466.9226313303943,426.198,0.8318430991828406
2GeZrS4-1,Ge1-S4-Zr1,1474.2679291118718,426.6905,0.8254938285237193
2OTaBr2-1,Br2-O1-Ta1,1473.6324190044822,427.019,0.8346502118408892
1AsIS-1,As1-I1-S1,1476.687663635661,427.8855,0.8225318976886493
2CaClF-1,Ca1-Cl1-F1,1464.5857695123582,429.149,0.8362258104083343
2AlSSi-1,Al1-S1-Si1,1474.5823672156096,429.8995,0.8328556738487832
2IrNiS4-1,Ir1-Ni1-S4,1469.5913588389756,430.61,0.842141549814539
2AsI3-1,As1-I3,1469.44973207816,430.6855,0.8349795393387484
4TeO2-1,O2-Te1,1456.2923190807653,431.977,0.8290689520820405
2SbI3-1,I3-Sb1,1461.5903974349326,432.613,0.8347500287586731
2CrWTe4-1,Cr1-Te4-W1,1177.2783277576632,433.494,0.9222692348005845
2HNaO-1,H1-Na1-O1,1456.3324864940475,433.519,0.832997078435317
1WCr3Te8-1,Cr3-Te8-W1,1317.3271951312715,433.631,0.9305361657991466
4AlBrS-1,Al1-Br1-S1,1454.0707607488016,434.058,0.8296249167202281
4PPdS-1,P1-Pd1-S1,1455.4592596791758,435.018,0.8320500984567063
2HLiS-1,H1-Li1-S1,1454.0627815151545,435.841,0.8325658037618434
1BiClS-1,Bi1-Cl1-S1,1451.0151240834484,436.0375,0.8177095292411758
1BrHfI-1,Br1-Hf1-I1,1435.81883502378,436.3275,0.8461577105122374
2ClCs-1,Cl1-Cs1,1453.3157177023202,436.477,0.8315399618845176
1BaH2O2-1,Ba1-H2-O2,1441.4339509802146,436.649,0.8338956489954418
2ZrBr2-1,Br2-Zr1,1419.885473681198,437.204,0.8504533074660906
4AlBrTe-1,Al1-Br1-Te1,1446.586331009946,437.6255,0.8314384812083313
1BrSSb-1,Br1-S1-Sb1,1451.3241561436291,438.23,0.8140326811544035
1CH2Sc2-1,C1-H2-Sc2,1445.50292246737,438.391,0.8332676882276713
2FHfN-1,F1-Hf1-N1,1444.8522774741157,438.6065,0.8286884446948074
1PbAs2Te4-1,As2-Pb1-Te4,782.580268465844,438.875,0.903785067513568
2NbPS3-2,Nb1-P1-S3,1270.265618297027,439.887,0.920341378959737
1IHf2Br3-1,Br3-Hf2-I1,1425.1200236265968,441.3885,0.8410511382963859
1RuBr2-1,Br2-Ru1,1436.318455020377,441.5765,0.8267424152269383
2BrGaS-2,Br1-Ga1-S1,1437.8890496641511,444.3035,0.827851872184237
1HfBr2-1,Br2-Hf1,1421.1931818747148,447.5365,0.8346269754280178
2AgS-1,Ag1-S1,1420.5479898048338,448.128,0.8239375704204419
1SHg2I2-1,Hg2-I2-S1,1426.7838674322065,448.542,0.8257573413279732
1HfNa2H6O6-1,H6-Hf1-Na2-O6,1422.871289444511,449.371,0.8336704696171726
2HfPSe3-2,Hf1-P1-Se3,1374.7806512591542,449.384,0.8598705629417216
2PdI2-1,I2-Pd1,1417.279924403821,450.881,0.836333396347848
1CrW3Se8-1,Cr1-Se8-W3,1419.7483699289776,452.3985,0.8345231542829886
1MgH2O2-1,H2-Mg1-O2,1418.970709242814,453.2775,0.830711144130552
1CdHIS-1,Cd1-H1-I1-S1,1411.3092994521662,455.3965,0.8122834439878708
1ClIGe2O3-1,Cl1-Ge2-I1-O3,1404.0442168040568,456.781,0.8278012364602186
2BiBrCdO2-1,Bi1-Br1-Cd1-O2,1396.447255405022,459.2535,0.8321375196239422
1GeHfBr2S2-1,Br2-Ge1-Hf1-S2,1403.564184965114,459.516,0.8320641143527205
1BrClHf-1,Br1-Cl1-Hf1,1388.0239200151264,461.303,0.8293835201662986
2PdS2-1,Pd1-S2,1395.189621237613,461.386,0.8248905011260764
2BrNbO2-1,Br1-Nb1-O2,1396.7919001431942,461.495,0.8270118553576014
1CrTe2-2,Cr1-Te2,1115.7258712148223,462.687,0.9242170147774511
1InNaAs2Se6-1,As2-In1-Na1-Se6,1391.5239487082467,462.8935,0.8342678104646164
2AsBiO4-1,As1-Bi1-O4,1385.7552514306503,464.248,0.8262187783703382
2IRhS-2,I1-Rh1-S1,1387.2767873239557,464.9485,0.8248524762263136
2AgIBr2-1,Ag1-Br2-I1,1377.319654275982,466.0585,0.8243846284925103
4ClGaTe-1,Cl1-Ga1-Te1,1388.1514861242013,466.1575,0.8258378666294525
1BrCdI-1,Br1-Cd1-I1,1384.0921590159119,467.116,0.8219625525254883
2BNaH4O4-1,B1-H4-Na1-O4,1373.537341080335,468.1215,0.8295924101958199
2GeO-1,Ge1-O1,1373.8124531536366,468.142,0.8236861841079911
2FOY-1,F1-O1-Y1,1379.0470346541183,468.48,0.8299117163436157
1HfCl2-1,Cl2-Hf1,1373.4640978057803,469.5905,0.8312957316602904
2HKO-1,H1-K1-O1,1369.1164362778309,469.625,0.8243116396062377
2HfZrSe4-1,Hf1-Se4-Zr1,1380.005998999815,470.3405,0.8238262561806514
1ZnI2-1,I2-Zn1,1367.0107311887157,473.0155,0.8258463951878431
1AgAlP2Te6-1,Ag1-Al1-P2-Te6,1309.6631520700398,474.035,0.8673397842730791
1AlNaAs2S6-1,Al1-As2-Na1-S6,1360.997643956868,474.5765,0.8264628697863774
1CdCl2O2Sn2-1,Cd1-Cl2-O2-Sn2,1356.078260691235,476.126,0.8216481851388157
1HgBr2Pb2S2-1,Br2-Hg1-Pb2-S2,1358.4819274892343,476.2795,0.825149988077641
1BaI2-1,Ba1-I2,1352.5082093899916,480.3155,0.8247788506730412
2TlF3-1,F3-Tl1,1346.8085218473484,481.0605,0.8258701781778512
1ZrHf3Se8-1,Hf3-Se8-Zr1,1350.2230488889086,481.114,0.8255727712522317
2InCl3-1,Cl3-In1,1342.1860452095755,482.0755,0.822734108690832
2AuS-1,Au1-S1,1348.4293382503063,482.4495,0.823954775945849
1ZrH2P2O6-1,H2-O6-P2-Zr1,1342.5997455770062,483.1575,0.8247338823082634
1ZrI2-1,I2-Zr1,1297.6076582279024,483.6865,0.8569811280785951
1GeBi2Se2I4-1,Bi2-Ge1-I4-Se2,1340.1873377904528,485.1395,0.8170588597690759
1AlLiP2S6-1,Al1-Li1-P2-S6,1342.7261446328398,485.193,0.8147170741278417
1S3Pt4Se5-1,Pt4-S3-Se5,1344.7038488348112,485.508,0.8229688757961966
2AlSeSi-1,Al1-Se1-Si1,1339.2611314421017,485.5115,0.8289567086442902
1CdBr2O2Sn2-1,Br2-Cd1-O2-Sn2,1332.6638500077725,486.1395,0.8227530466860146
2HfO3-1,Hf1-O3,1333.6074939644172,486.5595,0.8229228628254971
1ClHfI-1,Cl1-Hf1-I1,1335.749921446852,487.4875,0.8266579798296869
2BrOY-1,Br1-O1-Y1,1321.3278636516588,492.1785,0.8199409758776995
2TlBr3-1,Br3-Tl1,1318.6060756176914,494.008,0.8221528362303627
2BiCdClO2-1,Bi1-Cd1-Cl1-O2,1327.0543307793507,494.4855,0.8220255504501707
1GaLiP2S6-1,Ga1-Li1-P2-S6,1317.2994657969775,495.0025,0.8109892013592594
2NiS2-1,Ni1-S2,1325.5505889898718,496.0155,0.8243882378510708
2MoCl2O2-1,Cl2-Mo1-O2,1315.2793612157816,496.2815,0.8237264481792829
1TiSe2-2,Se2-Ti1,1321.7032136845858,496.618,0.821916296129162
2CrMoTe4-1,Cr1-Mo1-Te4,1194.2323904924554,497.5095,0.8758291004392016
1HfSSe-1,Hf1-S1-Se1,1308.620765501428,497.9585,0.8206837770554829
1CrMo3Te8-1,Cr1-Mo3-Te8,1273.9115519469626,498.988,0.8533673380073268
2IOY-1,I1-O1-Y1,1303.7250947404589,499.9895,0.8236851693088193
2PZrSe3-2,P1-Se3-Zr1,1233.8504690415211,500.0245,0.8615827259661981
4OSn-1,O1-Sn1,1303.2106791827184,500.42,0.8202590147750476
1MoCr3Te8-1,Cr3-Mo1-Te8,1008.9464697256424,501.1815,0.9021471973193725
2HPPbO3-1,H1-O3-P1-Pb1,1301.5992380704822,501.4475,0.8194105515731214
1CrO2-2,Cr1-O2,1261.0728933991709,503.6885,0.8470712688653775
2HLiO-1,H1-Li1-O1,1300.8477957259868,504.1125,0.8228982946168244
1TiZrHf2Br8-1,Br8-Hf2-Ti1-Zr1,1277.2450989673398,504.6985,0.8280068847184122
1CoNaAs2Se6-1,As2-Co1-Na1-Se6,1283.5418960378042,505.2295,0.8342109396524349
2CuISe2-1,Cu1-I1-Se2,1290.7337667188692,508.846,0.8137948340411936
2ISSc-1,I1-S1-Sc1,1286.9870051334985,509.1465,0.8121898661514804
1CrMo3O8-1,Cr1-Mo3-O8,1287.7608580486603,509.8505,0.8174350566637861
1CO2Ti2-1,C1-O2-Ti2,1279.792514308761,509.9345,0.8276416513568992
1CaBr2-1,Br2-Ca1,1280.15020960769,511.1105,0.8116677804391235
1GeHfCl2S2-1,Cl2-Ge1-Hf1-S2,1287.7189659293247,511.127,0.8103359419459614
2WCl3-2,Cl3-W1,1048.0373664425865,513.5365,0.8814732712643417
2INbO2-1,I1-Nb1-O2,1275.6855612495888,513.8235,0.8169698042519885
2AuClSe2-1,Au1-Cl1-Se2,1271.79418425362,513.9,0.8119557093854164
1HgCl2O2Pb2-1,Cl2-Hg1-O2-Pb2,1275.8361326380277,514.335,0.8158278863966727
1ZrBr2-1,Br2-Zr1,1269.0507412731372,515.4365,0.8229511825858294
1BrIZr-1,Br1-I1-Zr1,1252.5968975099404,518.392,0.8279733655832179
1ISSb-1,I1-S1-Sb1,1267.3671371998378,519.3795,0.8095071241234539
2CHNaO3-1,C1-H1-Na1-O3,1264.1697408469292,520.047,0.8142243764919048
2CaCl2O4-1,Ca1-Cl2-O4,1263.227370802051,520.627,0.8171944516899625
1ClIMg-1,Cl1-I1-Mg1,1263.4069367356879,521.5575,0.8026504249278547
1AuSbP2S6-1,Au1-P2-S6-Sb1,1261.9459983983347,521.705,0.8154885935183894
2PtS2-1,Pt1-S2,1251.5304731010012,525.23,0.8131458275354652
1Al2S5-1,Al2-S5,1250.4444854190494,525.3675,0.8117897910217248
1BaSb2F12-1,Ba1-F12-Sb2,1250.1839050884914,525.373,0.8144840997489531
1HgI2-1,Hg1-I2,1254.5251195357393,526.4605,0.8044075074717717
2InPS3-1,In1-P1-S3,1250.1277292795016,526.733,0.8095449746427752
2AuSbS3-1,Au1-S3-Sb1,1246.2446241308246,526.8845,0.8136314499028646
2ClPSnO3-1,Cl1-O3-P1-Sn1,1244.6867102968986,527.651,0.8115134390866409
1BrClZr-1,Br1-Cl1-Zr1,1246.3855002082462,528.229,0.8130382199311763
1HgBr2O2Pb2-1,Br2-Hg1-O2-Pb2,1245.9355245331094,528.3505,0.810661636325432
1MoOSe-1,Mo1-O1-Se1,1243.3917212441108,529.7575,0.8126904011279196
2CoSbO3-1,Co1-O3-Sb1,1237.9565662580837,531.402,0.8132669207570662
2PdTeO3-1,O3-Pd1-Te1,1233.366050689492,533.534,0.8091579456617187
1OSTi-1,O1-S1-Ti1,1236.5755176296625,534.1145,0.8123911357294623
1ClIZr-1,Cl1-I1-Zr1,1232.9478415262913,536.674,0.8087920054524017
2AgClSe2-1,Ag1-Cl1-Se2,1224.9773436077758,537.326,0.8120001252682012
2TeCu2O6-1,Cu2-O6-Te1,1222.619307955358,539.863,0.8073612735322631
1AuInCl2S2-1,Au1-Cl2-In1-S2,1224.5440349233863,541.108,0.804076973261607
2ZrO3-1,O3-Zr1,1215.0611326031208,541.673,0.8068009866736112
2AgIS2-1,Ag1-I1-S2,1205.7102332562438,544.4265,0.8022959853877002
1CrMo3Se8-1,Cr1-Mo3-Se8,1217.3968721407266,544.9105,0.8155481328079731
1CrS2-1,Cr1-S2,1206.5112090529387,545.8885,0.8122137405123652
1ZrCl2-1,Cl2-Zr1,1202.5533167297508,546.46,0.7996058284570382
1TiI2-2,I2-Ti1,969.2914897855185,546.5365,0.8734558167936582
4AlClS-1,Al1-Cl1-S1,1204.7143488921286,546.675,0.8024914008342792
2HfTiSe4-1,Hf1-Se4-Ti1,1207.1848341773612,546.974,0.8074022523834923
2BiBr3-1,Bi1-Br3,1204.5618016292358,547.2465,0.803642367270572
2RuS2-1,Ru1-S2,1209.0896557827534,547.8385,0.8065771617783951
1BiIS-1,Bi1-I1-S1,1201.1089101014234,547.979,0.7916889300604909
1FeAl2Se4-1,Al2-Fe1-Se4,1209.1924349552662,548.101,0.8115548451696537
1AuClPdSe-1,Au1-Cl1-Pd1-Se1,1198.7845055978296,551.2605,0.7982159730825523
2CH-1,C1-H1,1191.1774040616742,552.722,0.8020333194199964
1CdCl2O2Pb2-1,Cd1-Cl2-O2-Pb2,1185.072507838052,553.5995,0.7996656426033111
4AlIS-1,Al1-I1-S1,1187.1147615520144,555.159,0.8011408854363831
2BrIS2Sc2-1,Br1-I1-S2-Sc2,1175.0210550133252,557.579,0.7980984748735831
1CoNaP2Se6-1,Co1-Na1-P2-Se6,1181.0255657628452,558.481,0.7980981327640676
2SbScO3-1,O3-Sb1-Sc1,1176.1579723944008,560.173,0.7998151007580017
2TlCl3-1,Cl3-Tl1,1175.5833180555655,560.317,0.7984656403154898
1PbSrS2O8-1,O8-Pb1-S2-Sr1,1176.2623637231168,561.4335,0.7961753533389471
2ClSSc-1,Cl1-S1-Sc1,1166.9903063706065,561.784,0.7930674227574991
1CaCl2-1,Ca1-Cl2,1169.6171384737431,562.1775,0.7963661092196422
4AsGeTe-1,As1-Ge1-Te1,1170.6394790760367,563.4515,0.7986865713920848
2PZrS3-2,P1-S3-Zr1,1165.2481139579006,563.6485,0.7971988819345277
2RuTe2-1,Ru1-Te2,1112.0212854221936,566.2545,0.8302159676566744
1CrSe2-1,Cr1-Se2,1135.720713064409,566.4075,0.8196556030968742
2OsSe2-1,Os1-Se2,1159.8902701402233,566.7955,0.7952110672853053
2AsTlO3-1,As1-O3-Tl1,1159.0806593376858,567.1235,0.7945236646034687
1ClBr3S4Sc4-1,Br3-Cl1-S4-Sc4,1160.4275315629156,567.857,0.7919772160425663
2ClCuSe2-1,Cl1-Cu1-Se2,1151.8101599460513,569.1615,0.7938024299216048
1Br2Hf2S3-1,Br2-Hf2-S3,1153.6134935506334,569.2185,0.7937664955777203
1CrSSe-1,Cr1-S1-Se1,1139.1152157719916,569.58,0.8079323595263198
1AuInSI2-1,Au1-I2-In1-S1,1150.977513527554,571.0495,0.7911169206087865
1CSiH2-1,C1-H2-Si1,1148.313208022491,571.9295,0.7941548700943425
2AlI3-1,Al1-I3,1142.2027797709768,572.5115,0.79482880604576
2AgCl-1,Ag1-Cl1,1146.6973658502648,573.0305,0.792345788522919
1IOsPtBr5-1,Br5-I1-Os1-Pt1,944.2881897551898,573.034,0.8494938211738076
1CrSeTe-1,Cr1-Se1-Te1,1038.8003223610585,573.093,0.8480268659962142
2AuClTe2-1,Au1-Cl1-Te2,1138.072524295983,573.1185,0.7888348673866893
2BrOSc-1,Br1-O1-Sc1,1143.2091641073632,574.64,0.7876741341981459
2PScS3-1,P1-S3-Sc1,1138.7146561484926,578.185,0.7889358896543297
1GaInP2Se2S4-1,Ga1-In1-P2-S4-Se2,1131.8037578551434,578.197,0.7867402227062785
4ReSe2-1,Re1-Se2,1133.404244813178,580.625,0.7856004808226021
1AgCuBr2-1,Ag1-Br2-Cu1,1123.8560333088642,581.4075,0.7882693516180218
2CrWSe4-1,Cr1-Se4-W1,1117.0874196987781,582.932,0.7905270586043959
4AsGeS-1,As1-Ge1-S1,1121.0646295960262,583.1235,0.7880568014282983
2BrIrS-1,Br1-Ir1-S1,1050.83311977407,583.9855,0.8585942686859029
1InNaAs2S6-1,As2-In1-Na1-S6,1117.2842058402873,584.6365,0.7846835692106665
2ClIrS-1,Cl1-Ir1-S1,1036.816862554973,586.708,0.8720611895766833
1OSW-1,O1-S1-W1,1114.6569525272294,586.729,0.7823468116828446
2BrCuTe2-1,Br1-Cu1-Te2,1109.3405611746189,588.2555,0.7821256645257741
1BaClI-1,Ba1-Cl1-I1,1109.9639726700857,589.102,0.7765375550578569
2AuI-1,Au1-I1,1104.4130523320387,590.033,0.7793578365772175
1SnBr2S2-1,Br2-S2-Sn1,1099.8775679197288,591.2155,0.7856510580185657
1BrHf2I5-1,Br1-Hf2-I5,988.4989426462698,592.4475,0.8229576348541247
1InSScSeI2-1,I2-In1-S1-Sc1-Se1,1096.2428977272386,594.699,0.774972479511186
2BrScSe-1,Br1-Sc1-Se1,1087.7658012495656,595.4065,0.7780983299595055
1BiCuP2S6-1,Bi1-Cu1-P2-S6,1089.549645743268,595.976,0.7745977596569406
1CoLiP2Se6-1,Co1-Li1-P2-Se6,1097.2719859508761,596.844,0.777840211382469
1IRhSe-1,I1-Rh1-Se1,1085.6257187548597,598.337,0.7799077992549243
4IOSc-1,I1-O1-Sc1,1078.8098038269986,599.2955,0.7773995835742782
2BiHgIO2-1,Bi1-Hg1-I1-O2,1083.8326211742444,599.723,0.7714666034024128
2IScSe-1,I1-Sc1-Se1,1086.286547305973,600.677,0.7756793611287985
1GeOBr2I2Zr2Se3-1,Br2-Ge1-I2-O1-Se3-Zr2,1078.6214353872615,601.214,0.7696329681180737
1STeW-1,S1-Te1-W1,1079.0369353168592,601.4225,0.7750145059773217
1CdI2O2Pb2-1,Cd1-I2-O2-Pb2,1075.9255239604001,601.742,0.7724002817222817
1BrCoSe-1,Br1-Co1-Se1,1077.6033698624474,602.263,0.7765650783341922
1FeAl2S4-2,Al2-Fe1-S4,1071.4793704818146,603.245,0.7759794529514634
2ClCuTe2-1,Cl1-Cu1-Te2,1066.6934747380146,605.1415,0.772050854884309
4SeO2-1,O2-Se1,1063.428666206082,606.9105,0.7689556902435494
2BrPt-1,Br1-Pt1,1071.57664126865,606.9905,0.7747864178285933
2ClOSc-1,Cl1-O1-Sc1,1067.4640326060285,607.1715,0.765908399527657
2TaBr2Se2-1,Br2-Se2-Ta1,1060.1102924556892,609.519,0.76448456862924
1InNaP2S6-1,In1-Na1-P2-S6,1056.3124214099257,610.345,0.7559608835313739
1BrCoTe-1,Br1-Co1-Te1,1065.6024409289034,610.713,0.7650851129189586
1InAu3Br4O4-1,Au3-Br4-In1-O4,1052.0773809037555,610.9375,0.7649623151344094
1PbNa2H6S6-1,H6-Na2-Pb1-S6,1046.823931887975,614.71,0.7681187799108544
1HfZr3S8-1,Hf1-S8-Zr3,1044.1264504077042,615.5865,0.7632352260645562
2ZrS2-2,S2-Zr1,1038.2142420194039,615.878,0.7641032378303068
2ClCu-1,Cl1-Cu1,1035.8919569604584,618.2925,0.7591001138445722
2CrWS4-1,Cr1-S4-W1,1041.530688843548,618.416,0.7666264154544076
2AsSbO3-1,As1-O3-Sb1,1029.7592484057134,618.8355,0.7647994448399685
2ClScSe-1,Cl1-Sc1-Se1,1029.8958821971778,621.7685,0.7553347835151334
2FSSc-1,F1-S1-Sc1,1029.3294435952598,622.4095,0.7556783462396913
2SeZnH2O4-1,H2-O4-Se1-Zn1,1020.0136295775001,623.121,0.7580212466283053
2AgFSe2-1,Ag1-F1-Se2,1019.3544883268889,624.6905,0.7564723388751449
1AgGaCl2Br4-1,Ag1-Br4-Cl2-Ga1,974.2948190463734,625.641,0.7745597287544587
1SSeTi-2,S1-Se1-Ti1,1008.1487736096428,626.514,0.7606910063481255
2GaI3-1,Ga1-I3,1012.3110582030823,627.6395,0.7516888732283873
1Br2Zr2S3-1,Br2-S3-Zr2,1011.5554677374295,628.8015,0.7526302279299337
1BrITi-1,Br1-I1-Ti1,961.6408701376859,629.5795,0.780700309290472
2YI3-1,I3-Y1,1006.371645340505,629.9335,0.7490333353716131
2AlSbO3-1,Al1-O3-Sb1,1001.1070913152823,631.07,0.7488377040776966
1InLiI4O12-1,I4-In1-Li1-O12,998.2307947564702,632.0215,0.7519394501031775
2BrCdSbO2-1,Br1-Cd1-O2-Sb1,991.4392737604201,636.864,0.7408898546886253
2AlBr3-1,Al1-Br3,984.7502377582098,638.9465,0.7427890952980148
4ReTe2-1,Re1-Te2,967.2942688423428,644.8565,0.7483275125951246
2FOSc-1,F1-O1-Sc1,961.9541979755114,645.564,0.7389068556759377
2CdFSbO2-1,Cd1-F1-O2-Sb1,965.4024407635112,645.9945,0.7368729760183609
2MoZnO4-1,Mo1-O4-Zn1,964.0640183307036,646.012,0.7388974862525368
2AsBiO3-1,As1-Bi1-O3,955.7261399582555,649.725,0.7375865729056909
1BrClTi-1,Br1-Cl1-Ti1,947.5334269099443,649.9525,0.7410137136493608
2P2S3-1,P2-S3,946.2150252595171,652.394,0.7328023462318355
2GeHPO3-1,Ge1-H1-O3-P1,935.0207372890143,654.425,0.731675325796922
2RuSe2-1,Ru1-Se2,937.2596162706031,655.8645,0.731905684914599
1SSeI2Sc2-1,I2-S1-Sc2-Se1,933.214064613093,656.636,0.7269355811699467
2WZnO4-1,O4-W1-Zn1,931.1604882250971,657.8445,0.7264926202834763
2OsTe2-1,Os1-Te2,928.6885590305033,657.9825,0.7338577240531796
2HTeLi3O4-1,H1-Li3-O4-Te1,928.171412475978,658.0305,0.7265245850243156
1TiBr2-1,Br2-Ti1,902.0761954959884,660.016,0.7367045947668811
2FPt-1,F1-Pt1,921.9266053338416,660.868,0.7247049966017826
2PtSeO3-1,O3-Pt1-Se1,921.0732867457355,661.0575,0.7224770489344625
2HInSeO4-1,H1-In1-O4-Se1,909.3415125275263,663.391,0.720506986295406
1TiZr3S8-1,S8-Ti1-Zr3,914.4569300003324,663.8545,0.7151926011209369
1InNbBr6-1,Br6-In1-Nb1,909.6694581047136,664.3525,0.7178332990653988
1P2Pd3S8-1,P2-Pd3-S8,905.7349794485687,666.3695,0.7181870195560671
2BrSY-2,Br1-S1-Y1,905.6103216316335,666.509,0.7178945045525206
2MgMoTeO6-1,Mg1-Mo1-O6-Te1,903.5754580986147,666.8505,0.7118058467469426
1OSeW-1,O1-Se1-W1,905.3892285442787,667.9095,0.7178623080479084
2ClMoO2-1,Cl1-Mo1-O2,897.6078887448293,668.3225,0.7172187365699942
1MoAu2Se4-1,Au2-Mo1-Se4,877.486412227541,670.752,0.7186878872058908
2AuBrTe2-1,Au1-Br1-Te2,888.1079507422226,671.316,0.7146119200258236
1MgLi2S2H4O8-1,H4-Li2-Mg1-O8-S2,888.2312317006282,672.801,0.71026440345119
1CoNaP2S6-1,Co1-Na1-P2-S6,885.2476469381379,672.9615,0.7114650696083037
2P2Se3-2,P2-Se3,878.7934333951134,675.163,0.706677982050071
2InI3-1,I3-In1,874.2290946581832,675.8975,0.7066456861018757
1ClIHf2Br4-1,Br4-Cl1-Hf2-I1,830.425029543108,675.9315,0.7240416235849797
1ClZr2Br5-1,Br5-Cl1-Zr2,787.3843494662151,676.1295,0.7310518706135396
1SeAu2O4-1,Au2-O4-Se1,876.8683933826705,676.175,0.7057260354968097
2TiO2-1,O2-Ti1,875.7392954464209,676.4335,0.7005349461732974
1MgNa2S2H4O8-1,H4-Mg1-Na2-O8-S2,873.8815759915767,677.1025,0.7055869966312179
2AuBr-1,Au1-Br1,872.2268370985411,677.7545,0.7027912390050988
1IInAu3Br3O4-1,Au3-Br3-I1-In1-O4,870.5315211684743,677.882,0.7070268071177355
2GaBr3-1,Br3-Ga1,869.546269765297,678.147,0.7035499955706237
1ClITi-1,Cl1-I1-Ti1,854.8340383893119,678.9665,0.7179016234156856
2AsSiSe3-1,As1-Se3-Si1,868.5631715799553,679.114,0.6993936412203101
2FeSe2-1,Fe1-Se2,796.3127209671729,679.187,0.7372054961123571
1AuCuBr2-1,Au1-Br2-Cu1,864.3227042043715,680.729,0.6971343222063895
4BBiO3-1,B1-Bi1-O3,859.8945957970176,680.787,0.7033402996222919
1TiCl2-1,Cl2-Ti1,858.701735247207,682.7595,0.6983815722579013
1CdF2O2Pb2-1,Cd1-F2-O2-Pb2,856.9633737330371,682.9565,0.6953213279569287
2AgITe2-1,Ag1-I1-Te2,853.6103890859534,683.2095,0.6953291657662717
2NiSeO3-1,Ni1-O3-Se1,849.7605463349555,684.3895,0.6950347127360652
2TiO3-1,O3-Ti1,850.4833904369697,684.7185,0.6932917020186522
2YBr3-1,Br3-Y1,841.5913711692955,686.9505,0.6883023830859342
2PScSe3-1,P1-Sc1-Se3,829.2042141953586,688.391,0.6963028959326495
2BiFHgO2-1,Bi1-F1-Hg1-O2,834.698473674442,689.473,0.6882331255390555
2ClScTe-1,Cl1-Sc1-Te1,833.8196205922674,689.7295,0.6867457362360965
1PdN2Zr3Br6-1,Br6-N2-Pd1-Zr3,827.2057162770528,691.389,0.6835463606918954
2AlCl3-1,Al1-Cl3,813.1523894657055,695.325,0.6786460943819211
2BrScTe-1,Br1-Sc1-Te1,808.9157825078622,697.657,0.6695035905917789
2AgBrTe2-1,Ag1-Br1-Te2,804.5629026405595,697.6685,0.6726399656366683
4RhSe2-1,Rh1-Se2,744.5990742988525,699.2775,0.6837737555993966
4ReO2-1,O2-Re1,801.5611675568745,699.621,0.6657567598361676
2AgClTe2-1,Ag1-Cl1-Te2,794.8157478900371,700.8395,0.6667558704411367
1INbSeZrBr2S2-1,Br2-I1-Nb1-S2-Se1-Zr1,789.8558221380599,701.3,0.6661464317908058
2ITl-1,I1-Tl1,791.0136523985908,701.393,0.6627624546521774
1MoCu2S4-1,Cu2-Mo1-S4,791.0245962262431,701.5385,0.6629616106992042
2PSbO4-1,O4-P1-Sb1,782.3815378496696,704.106,0.6553132706788367
1FeHfI6-1,Fe1-Hf1-I6,760.6056751757804,709.3045,0.6436407450265896
2PtSO3-1,O3-Pt1-S1,759.5071989398859,709.6275,0.6386589493518665
2GaCl3-1,Cl3-Ga1,760.371494495203,710.3765,0.6401194644332485
2AuClS2-1,Au1-Cl1-S2,755.6904969430494,710.851,0.6382870138993028
2HInSO4-1,H1-In1-O4-S1,749.4377163319755,712.3715,0.6328043467537519
4RhS2-1,Rh1-S2,749.7500765923735,712.676,0.6328019604235524
4VO2-1,O2-V1,740.7604879790798,714.526,0.6295542102062577
2KNO3-1,K1-N1-O3,737.24900364184,715.319,0.62434018657786
1ClIGa2-1,Cl1-Ga2-I1,737.3003888270915,715.6765,0.6265276007488737
1WAu2O4-2,Au2-O4-W1,736.7151722904584,715.714,0.6227135648710127
2BrCuO2-1,Br1-Cu1-O2,708.2697716524184,716.174,0.6367096298663768
2PdSeO3-1,O3-Pd1-Se1,728.9549029494274,717.679,0.6166306877646445
2AsSiS3-1,As1-S3-Si1,725.7928426774666,718.33,0.6123715332613787
2AlHSeO4-1,Al1-H1-O4-Se1,718.2401561146866,719.478,0.6065374667989494
2YCl3-1,Cl3-Y1,716.3726707295054,719.8105,0.6074684918133355
2PdSeCl2-1,Cl2-Pd1-Se1,710.4051033560144,721.194,0.6025610978367162
3RuSCl2-1,Cl2-Ru1-S1,662.116070086529,721.7105,0.614923643488193
1TiF2-1,F2-Ti1,704.9772586221662,722.764,0.599532888117521
2AuCl-1,Au1-Cl1,694.3402204333582,724.7055,0.5848223845737062
2FScSe-1,F1-Sc1-Se1,684.0810233238911,726.707,0.5778877537492828
2AlHSO4-1,Al1-H1-O4-S1,673.8670388400169,728.4605,0.5688001272799708
2PdSO3-1,O3-Pd1-S1,672.7123904058517,729.2565,0.5587827222897366
1FeZrBr6-1,Br6-Fe1-Zr1,649.5302557004155,732.5655,0.5458182965006645
2ClCuO2-1,Cl1-Cu1-O2,636.680692759189,733.448,0.5430378001697228
2ScBr3-1,Br3-Sc1,628.9780731507578,735.8835,0.5204306290377934
2AlAsO3-1,Al1-As1-O3,612.1491793363139,738.084,0.4988405512171467
1NbOScSeBr4-1,Br4-Nb1-O1-Sc1-Se1,597.8668783264951,739.911,0.4872696120114801
2ScCl3-1,Cl3-Sc1,591.3966953019104,740.5095,0.4791314620610276
2ClScBr2-1,Br2-Cl1-Sc1,582.1820788074363,741.6945,0.4640039785749125
1Cu2I2Se3P4-1,Cu2-I2-P4-Se3,577.0479952544401,742.1125,0.46407841597424887
2CuINC3H4-1,C3-Cu1-H4-I1-N1,575.879390221963,742.251,0.46581925086437426
2RhI3-1,I3-Rh1,564.0872141544083,743.306,0.448630184621041
2RhCl3-1,Cl3-Rh1,561.9093192043526,743.585,0.4454283577915436
1Br2Cu2Se3P4-1,Br2-Cu2-P4-Se3,556.1853772760732,744.4345,0.432498026876928
2IrI3-1,I3-Ir1,511.93490252308044,747.828,0.37840128817763713
1AgScP2S6-1,Ag1-P2-S6-Sc1,493.2827433976192,748.8815,0.35377626216156505
2ScF3-1,F3-Sc1,454.7493024041897,750.85,0.28906874016603895
2NbF2Se2-1,F2-Nb1-Se2,456.00710649512456,750.8955,0.2845552388558186
1Br2Cu2S3P4-1,Br2-Cu2-P4-S3,435.99701574956157,751.692,0.23694906431674911
