uid,id,A,A_u,E_B,J,J_u,N_nn,N_nn_u,P_spontaneous_norm,alphax,alphax_el,alphax_lat,alphay,alphay_el,alphay_lat,alphaz,alphaz_el,alphaz_lat,cbm,cbm_gw,cbm_hse,cbm_u,cod_id,dE_zx,dE_zx_u,dE_zy,dE_zy_u,dipz,efermi,efermi_gw,efermi_hse,efermi_u,ehull,emass_cbm,emass_vbm,evac,evacdiff,gap,gap_dir,gap_dir_gw,gap_dir_hse,gap_dir_nosoc,gap_dir_u,gap_gw,gap_hse,gap_u,halfmetal_gap,halfmetal_gap_dir,halfmetal_gap_dir_hse,halfmetal_gap_hse,has_inversion_symmetry,hform,icsd_id,is_ferroelectric,is_magnetic,is_magnetic_u,lam,lam_u,lgnum,magmom_u,minhessianeig,number,plasmafrequency_x,plasmafrequency_y,spin,spin_u,thickness,vbm,vbm_gw,vbm_hse,vbm_u,bravais_search,bravais_type,doi,dyn_stab,folder,international,label,layergroup,olduid,spin_axis,spin_axis_u,topology,formula,natoms,base_uid,magstate,stoich,folder_tree,magstate_tree,cbm_m_dos_file,cbm_min_emass,cbm_max_emass,cbm_warping,cbm_barrier,cbm_m_dos_check,cbm_m_cond,cbm_anisotropy,vbm_m_dos_file,vbm_min_emass,vbm_max_emass,vbm_warping,vbm_barrier,vbm_m_dos_check,vbm_m_cond,vbm_anisotropy,c_11,c_12,c_22,speed_of_sound_x,C_2D,has_defpot,cbm_rel,cbm_ratio,cbm_parabolic,vbm_rel,vbm_ratio,vbm_parabolic,parabolic,formula_reduced,formula_cell,natoms_cell,comp_key,E_mean,E_sd,eps_ch,t_ch_m,I_ON,I_OFF,on_off,SS,DIBL,tau,EDP,spr_gap_I_ON,spr_mass_I_ON,spr_eps_I_ON,spr_gap_on_off,spr_mass_on_off,spr_eps_on_off,floor_above_spec
1CdF2-1,3333,,,,,,,,,1.772322465748743,0.5327282003054168,1.2395942654433263,1.7722976855409405,0.5327282003054131,1.2395694852355272,0.2719071703598957,0.1739840530802031,0.0979231172796926,-4.952809720581386,,-4.63697518562115,,,0.0,,0.0,,-7.177210483501547e-15,-6.856292629465247,,-7.564121588949998,,0.0517287337195814,0.5618547138661326,2.068214677658601,2.1749505362585677,-1.215768344878834e-13,3.806965817767722,3.806965817767722,,5.854292806657696,3.849723080766328,,,5.854292806657696,,,,,,1.0,-2.2445324656136534,,,0.0,,,,72.0,,-2.722825493654933e-15,164.0,,,,,2.0343233640583254,-8.759775538349107,,-10.491267992278846,,Hexagonal,Hexagonal (hp),,Yes,/home/niflheim2/cmr/C2DB-ASR/tree_LDP/AB2/CdF2/CdF2-9dcd630334f9,P-3m1,Lyngby22_LDP,p-3m1,CdF2-c43f24bb6516,z,,,F2Cd,3,1CdF2,1,AB2,1CdF2,1,0.5618547138661326,0.561853326599249,0.5618561011364417,5.6126566841242704e-05,False,0.5618547138661327,0.5618547138644201,1.0000049381877107,2.068214677658601,2.064109020254759,2.072328501502565,-0.0010400278080238,False,2.068214677658601,2.0682105944466023,1.0039820964722066,44.77885425285577,15.869984376258502,44.0281039855464,4376.28582846075,44.40347911920109,False,1.975996636186767e-16,1.0000000000000002,True,0.0,1.0,True,True,CdF2,Cd1F2,3,Cd1-F2,7.5024366,0.29197222,4.290755108078521,2.034323364058325e-10,1636.760920893919,0.1,16367.609208939191,69.86950453536546,6.199268372833184e-05,2.742656649988861e-13,8.002791244793455e-23,0.7679302090052227,0.0876857033031641,1.1715998238237546e-06,3.339831076728109,0.0876857033031637,1.1715998233796654e-06,False
2FGaO-1,6299,,,,,,,,,3.640021485577911,1.0659085812520208,2.5741129043258906,3.73814407787985,1.0291701357295382,2.708973942150311,0.391379163594404,0.2897092980623211,0.1016698655320828,-5.175351662424771,,-4.840114713348144,,,0.0,,0.0,,-1.0749164479393136e-08,-6.7511823570993545,,-7.2177205974398575,,0.0,0.3966076376633284,1.1351639688291806,3.030182761451921,-1.6570742345184156e-07,3.151661389349166,3.151661389349166,,4.755211768183427,3.151839634426407,,,4.755211768183427,,,,,,1.0,-2.2294220814795813,,,0.0,,,,46.0,,-2.2857622700860707e-11,59.0,,,,,4.33751079692645,-8.327013051773937,,-9.595326481531572,,Rectangular,Rectangular (op),,Yes,/home/niflheim2/cmr/C2DB-ASR/tree_LDP/ABC/FGaO/F2Ga2O2-187169b9c2da,Pmmn,Lyngby22_LDP,pmmn,F2Ga2O2-44da2d18e3b7,z,,,O2F2Ga2,6,2FGaO,1,ABC,2FGaO,1,0.3966076376633284,0.3918824041748737,0.4013898469978086,0.0003096415310645,False,0.3966076376633284,0.3965791517864271,1.0242609586999785,1.1351639688291806,0.54177731126352,2.37846290226289,-0.0004339438492243,False,1.1351639688291806,0.882528245559593,4.390111680232412,136.62632041226578,38.59730345309733,157.97895459793355,6790.616308124663,147.30263750509965,False,0.0,1.0,True,0.0,1.0,True,True,GaOF,Ga2O2F2,6,F1-Ga1-O1,6.133224,0.2785751,4.034866869092523,4.33751079692645e-10,1982.26002493918,0.1,19822.6002493918,69.87511993597701,0.0076087589514913,2.264623796905421e-13,6.607940332122588e-23,0.9476792701072264,0.1002363067492733,6.45733341526622e-05,2.4309234517356084,0.1002363067492737,6.45733341526622e-05,False
2CaClH-1,6522,,,,,,,,,4.864059396745674,1.422705555140968,3.4413538416047054,4.873457844902362,1.4227055551409666,3.450752289761396,0.5448273581208785,0.4201487440116223,0.1246786141092562,-2.5474284964567144,,-1.8095652525661057,,,0.0,,0.0,,-2.1579875805429786e-07,-4.509654714866852,,-4.42629013031115,,0.0032213257852049,0.6700721906857686,4.214156521856298,2.056037541046468,-2.8289074451715923e-06,3.924452436820277,3.924452436820277,,5.233449755490089,3.924478472560831,,,5.233449755490089,,,,,,1.0,-1.5350556763766756,,,0.0,,,,64.0,,-2.633909717155658e-13,129.0,,,,,5.108798948660288,-6.47188093327699,,-7.043015008056195,,Square,Square (tp),,Yes,/home/niflheim2/cmr/C2DB-ASR/tree_LDP/ABC/CaClH/Ca2Cl2H2-ab9cf1743d2c,P4/nmm,Lyngby22_LDP,p4/nmm,Ca2Cl2H2-f6040079903a,z,,,H2Cl2Ca2,6,2CaClH,1,ABC,2CaClH,1,0.6700721906857686,0.6700721906849721,0.6700721906865652,0.0010841578188814,False,0.6700721906857686,0.6700721906857686,1.0000000000023774,4.214156521856298,4.214156521229577,4.214156522483018,-0.0014907185919809,False,4.214156521856298,4.214156521856297,1.000000000297436,69.73999214845975,6.068467488176681,69.73746948755286,6154.098663860194,69.7387308180063,False,0.0,1.0,True,0.0,1.0,True,True,CaHCl,Ca2H2Cl2,6,Ca1-Cl1-H1,6.8824625,0.26333332,4.49950065772256,5.108798948660287e-10,1488.479212377442,0.1,14884.79212377442,69.8941715955267,0.0332130624696237,3.015879017189311e-13,8.800026133135161e-23,0.0086145025272381,0.0930019953232297,0.0002516626515745,0.3474110480324235,0.0930019953232292,0.0002516626515749,False
1ZrSe2-1,3780,,,0.3813052403153976,,,,,,37.774884171643606,6.558340890361878,31.216543281281727,37.809708715646586,6.55834089036188,31.251367825284703,0.4030061788062524,0.3845394780347303,0.018466700771522,-5.120769931701469,-4.619287653155383,-4.683654899278065,,1539555.0,0.0,,0.0,,4.7609182357336724e-14,-5.289044820247026,-5.464888330901888,-5.335728213592143,,0.0,0.6115361673788087,0.197654856480176,3.81934088950746,6.907729085693608e-13,0.3365497770911154,0.9541560167874054,2.4709080081121124,2.0200771390083685,1.1262547943250982,,1.69120135549301,1.2023654809310316,,,,,,1.0,-1.3672498309035443,,,0.0,,,,72.0,,-7.66445935073825e-14,164.0,0.0,0.0,,,3.161210610264177,-5.457319708792585,-6.310489008648394,-5.8860203802090965,,Hexagonal,Hexagonal (hp),10.3390/app6090264,Yes,/home/niflheim2/cmr/C2DB-ASR/tree/AB2/ZrSe2/ZrSe2-7dc2a0a57b42,P-3m1,original03-18,p-3m1,ZrSe2-7dc2a0a57b42,z,,,Se2Zr,3,1ZrSe2,1,AB2,1ZrSe2,1,0.6115361673788087,0.1913218754296972,1.8902377403286972,0.0057288575635217,False,0.6013682977075525,0.3474739101872115,9.87988297774804,0.197654856480176,0.1963286206093522,0.1989900513177547,-3.945908419233185e-06,False,0.197654856480176,0.1976503770983156,1.0135559996303247,64.56855315369879,12.004637762979865,64.62618883762538,4411.640705355924,64.59737099566209,False,0.0166267674973961,0.983373232502604,True,0.0,1.0,True,True,ZrSe2,Zr1Se2,3,Se2-Zr1,1.45318,0.26869142,27.07056359231517,3.161210610264177e-10,1939.716532511361,0.1,19397.16532511361,73.05887452121496,4.286386600589883,2.3142934283905774e-13,6.752871230411713e-23,0.159338353001361,0.0802961458558835,0.0185348060023993,2.0403778848117025,0.0802961458558835,0.0185348060023997,False
2BaHI-1,7896,,,,,,,,,5.644832991966462,2.391399954487889,3.253433037478574,5.660770792612411,2.391399954487837,3.269370838124573,0.6553012555626232,0.5216573732397574,0.1336438823228659,-2.772783621852444,,-2.450844843807203,,,0.0,,0.0,,1.9389562333640923e-14,-4.395753048413997,,-4.560154517630135,,0.0162442801473847,0.4541166895225006,6.912311961636246,2.4228266521097126,1.6564004036252685e-13,3.2459388531231053,3.3204243152577675,,4.286044646651643,3.48251498092898,,,4.218619347645864,,,,,,1.0,-1.2495967496283982,,,0.0,,,,64.0,,-4.747596632097985e-14,129.0,,,,,5.854570018849785,-6.018722474975549,,-6.669464191453067,,Square,Square (tp),,Yes,/home/niflheim2/cmr/C2DB-ASR/tree_LDP/ABC/BaHI/Ba2H2I2-751c8ce6b342,P4/nmm,Lyngby22_LDP,p4/nmm,Ba2H2I2-12777ffdee88,z,,,H2I2Ba2,6,2BaHI,1,ABC,2BaHI,1,0.4541166895225006,0.4541166876818162,0.4541166913631849,0.0009188372036253,False,0.4541166895225005,0.4541166895225005,1.000000008106658,6.912311961636246,1.1309040477668273,42.24943464419445,-0.0001973800877341,False,6.912311961636246,2.20284387331598,37.35899144372463,31.570974741453387,1.05065896777792,31.570972169672096,2755.2914583557813,31.570973455562743,False,1.2223983947744196e-16,1.0,True,0.0,1.0,True,True,BaHI,Ba2H2I2,6,Ba1-H1-I1,5.594139,0.26007554,6.132950501659581,5.854570018849785e-10,1834.3402061233603,0.1,18343.402061233603,70.05512133824864,0.249519996417691,2.447241361851122e-13,7.140799685807596e-23,0.0974941627253715,0.0981993602746702,0.0017477566899697,1.3658405435707954,0.0981993602746698,0.0017477566899692,False
2CaHI-1,6123,,,,,,,,,5.796458233873067,2.154700698582768,3.641757535290299,5.8041649324274776,2.154700698582771,3.649464233844707,0.6141332132646851,0.5270544132399427,0.0870788000247423,-2.6540100306677203,,-2.1868242717955733,,,0.0,,0.0,,2.2424216297921138e-06,-4.468214682695983,,-4.541126632653061,,0.0,0.4928730015811182,0.6304788492074443,2.350283417982016,2.5026064923156712e-05,3.628409304056525,3.628409304056525,,4.933321704135455,4.009768003712958,,,4.708604721714976,,,,,,1.0,-1.1541067347603804,,,0.0,,,,64.0,,-2.070876762464089e-13,129.0,,,,,5.655691790050753,-6.282419334724245,,-6.895428993510549,,Square,Square (tp),,Yes,/home/niflheim2/cmr/C2DB-ASR/tree_LDP/ABC/CaHI/Ca2H2I2-2c849100f593,P4/nmm,Lyngby22_LDP,p4/nmm,Ca2H2I2-6c113da5bf9b,z,,,H2Ca2I2,6,2CaHI,1,ABC,2CaHI,1,0.4928730015811182,0.488628868012506,0.4971097839725678,0.0033919733330545,False,0.4928510840207792,0.4928328427241895,1.01735655937513,0.6304788492074443,0.6174007625087976,0.6441035986285646,-0.0058776750559115,False,0.6306108569696024,0.6304695650348765,1.043250410011255,58.30076146085538,4.612958553196237,58.30075960751643,4116.218605689878,58.30076053418591,False,4.446898139818803e-05,0.9999555310186018,True,0.0002093769875452,1.0002093769875453,True,True,CaHI,Ca2H2I2,6,Ca1-H1-I1,6.220052,0.2691296,5.787525301333069,5.655691790050752e-10,1754.9651994793453,0.1,17549.65199479345,69.99613831226054,0.1702502983697209,2.557927203037073e-13,7.463769635680513e-23,0.0378305895795505,0.1013035868944522,0.0009417841488912,0.5950352274500097,0.1013035868944518,0.0009417841488916,False
1MgAl2Se4-1,8238,,,,,,,,,8.681991063660776,4.700478130215316,3.981512933445461,8.68078101687516,4.700478130215352,3.980302886659809,0.8903595118654918,0.8222762927890485,0.0680832190764433,-3.772005639739896,,-3.439702236531425,,,0.0,,0.0,,2.428504316900581e-13,-4.304171591706369,,-4.431461679653971,,0.0112306018046192,0.1864893166674572,0.6002602094664036,2.983477964735315,3.303003527153224e-12,1.064331903932948,1.064331903932948,,1.983518886245092,1.2027835307875454,,,1.983518886245092,,,,,,1.0,-0.9616140226158686,83363.0,,0.0,,,,72.0,,-1.888920133768909e-15,164.0,,,,,9.646270534664962,-4.836337543672844,,-5.423221122776518,,Hexagonal,Hexagonal (hp),,Yes,/home/niflheim2/cmr/C2DB-ASR/ICSD-COD/3el/Al6Mg3Se12,P-3m1,exfoliated02-21,p-3m1,MgAl2Se4-6abc5afac004,z,,,MgAl2Se4,7,1MgAl2Se4,1,AB2C4,1MgAl2Se4,1,0.1864893166674572,0.1863963663745705,0.1865823133118749,2.801129694510527e-06,False,0.1864893166674572,0.1864892934916946,1.0009975888528355,0.6002602094664036,0.5942996359236619,0.6062805650362758,-2.532714665185424e-06,False,0.6002602094664036,0.6002303199412399,1.020159744997981,109.07085775474349,38.57508023556596,108.9984666525056,4708.620189918042,109.03466220362456,False,1.488319873310593e-16,1.0,True,0.0,1.0,True,True,Mg(AlSe2)2,Mg1Al2Se4,7,Al2-Mg1-Se4,2.5202048,0.2578946,7.123397642302128,9.646270534664963e-10,2930.3764536885487,0.1,29303.764536885486,71.6086451063196,2.3373640488775016,1.5319100788163496e-13,4.4699567357846733e-23,0.0613175428596544,0.086942768648647,0.0142024187836189,0.9405553832378906,0.0869427686486474,0.0142024187836184,False
2MoCl3-3,11940,,,,,,,,,7.463107865764308,6.837590828764949,0.6255170369993598,7.463017918876745,6.837590828764946,0.6254270901117989,0.3543618256924491,0.3454855621514526,0.0088762635409965,-4.557760086870894,,-4.455414903767317,,,0.0,,0.0,,-9.039001232514063e-10,-4.811496730081123,,-4.845963279718494,,0.1389030538274527,0.4533794672803167,0.542777411641292,3.695084200208206,-6.045030331441627e-09,0.5074732864204573,0.5074732864204573,,0.8150148111902887,0.5611094175012927,,,0.8150148111902887,,,,,,0.0,-0.7795388455415431,,,0.0,,,,79.0,,-4.641749397961378e-15,189.0,0.0,0.0,,,3.106228859910184,-5.065233373291351,,-5.270429714957606,,Hexagonal,Hexagonal (hp),,Yes,/home/niflheim2/cmr/C2DB-ASR/tree/AB3/MoCl3/Mo2Cl6-61d74efeaeeb,P-62m,original03-18,p-62m,Mo2Cl6-61d74efeaeeb,z,,Trivial,Cl6Mo2,8,2MoCl3,3,AB3,2MoCl3,3,0.4533794672803167,0.4524136193773832,0.4543473771507323,0.0001356283444611,False,0.4533794672803167,0.4533784362989202,1.0042743137927863,0.542777411641292,0.5346483666044202,0.551030054499347,-0.001077534964911,False,0.542777411641292,0.5427156197661269,1.0306401158558995,67.8897552314431,12.392102149293242,67.43914591173748,5228.853181317795,67.6644505715903,False,0.0,1.0,True,0.0,1.0,True,True,MoCl3,Mo2Cl6,8,Cl3-Mo1,1.1208153,0.25994384,28.66174172565253,3.1062288599101835e-10,1878.5198003144449,0.3079528836779827,6100.023412278735,73.40293328461287,4.748781227322226,2.389686402762524e-13,6.972860209063197e-23,0.0706221686570875,0.0867733096928322,0.0169060521465258,0.9585934475940432,0.1728787215537854,0.0169060521465258,True
1BrCdI-1,7006,,,,,,,,,6.101392577025631,1.862264846171604,4.239127730854027,6.128299862325307,1.8609510355742789,4.267348826751029,0.426885758657587,0.3758404846403628,0.0510452740172241,-3.8876806783387,,-3.603346246408939,,,0.0,,0.0,,-0.0266881173229843,-4.97737037205183,,-5.129825086010566,,0.0236930595578326,1.8924167228489737,0.4015190028474897,3.1120164448968337,-0.314839635857029,2.17937938742626,2.17937938742626,,3.052957679203253,2.5577426245857144,,,3.052957679203253,,,,,,0.0,-0.742702894519506,,,0.0,,,,69.0,,-4.42284793239766e-16,156.0,,,,,3.2672843649386394,-6.067060065764959,,-6.6563039256121925,,Hexagonal,Hexagonal (hp),,Yes,/home/niflheim2/cmr/C2DB-ASR/tree_CDVAE/ABC/BrCdI/BrCdI-8762fc6479b8,P3m1,Lyngby22_CDVAE,p3m1,BrCdI-b5e144ad1a67,z,,,BrCdI,3,1BrCdI,1,ABC,1BrCdI,1,1.8924167228489737,0.3619503323255009,9.89428861664326,0.0008508330456758,False,1.8924167228489737,0.6983536695541857,27.336039597127247,0.4015190028474897,0.3473839022304884,0.4675117768058742,-0.010244095777557,False,0.4029963589978621,0.3985935121354025,1.3458072576307272,24.852732687343984,9.546045231231878,24.632028009924277,2681.704375654469,24.74238034863413,False,0.0,1.0,True,0.0036794177607916,1.0036794177607915,True,True,CdIBr,Cd1I1Br1,3,Br1-Cd1-I1,4.015186,0.26589248,8.159969170324349,3.2672843649386397e-10,1384.092159015912,0.1,13840.921590159118,69.9202767688642,0.0682968712991403,3.2433340474404014e-13,9.463716619031396e-23,0.0511409999744811,0.0889012229193464,0.0005129335708455,0.8359425312975608,0.0889012229193468,0.000512933570846,False
2MoWSe4-1,4534,,,,,,,,,7.1926081694373964,6.975452339693802,0.2171558297435948,7.16946741510742,6.926279424881805,0.2431879902256139,0.4129204981993158,0.4117920226868426,0.0011284755124731,-3.781975068550974,,-3.4082343708470244,,,0.0,,0.0,,-4.845152298752919e-06,-4.416993266332078,,-4.306288541568404,,0.0,0.5090674766196269,0.4583681287153746,4.634636782372532,-2.295787518037005e-05,1.2700363955622085,1.2700363955622085,,1.7490843965495402,1.4524583717279052,,,1.7490843965495402,,,,,,0.0,-0.6534804117523537,,,0.0,,,,27.0,,-3.5740879773143155e-14,25.0,0.0,0.0,,,3.34744514963824,-5.052011464113182,,-5.157318767396565,,Rectangular,Rectangular (op),,Yes,/home/niflheim2/cmr/C2DB-ASR/tree/ABC4/MoWSe4/Mo2W2Se8-a1d716aad84d,Pmm2,original03-18,pm2m,Mo2W2Se8-a1d716aad84d,z,,,Se8Mo2W2,12,2MoWSe4,1,ABC4,2MoWSe4,1,0.5090674766196269,0.4961898975424722,0.5222792665376504,0.0009110692920131,False,0.5090674766196268,0.5089004260348663,1.05257940382179,0.4583681287153746,0.4546446977579657,0.4621220536786808,-1.2505618513655232e-05,False,0.4583681287153746,0.4583528822195803,1.016446592157764,114.35353332403896,23.704288627529166,114.13726924612064,4698.396129197398,114.2454012850798,False,2.1808956093549668e-16,0.9999999999999998,True,1.211060450185176e-16,1.0000000000000002,True,True,MoWSe4,Mo2W2Se8,12,Mo1-Se4-W1,2.3423796,0.25898287,27.093678271912196,3.34744514963824e-10,1644.8451733736138,0.1,16448.451733736136,73.57396256988937,4.978634470252901,2.7291767619224684e-13,7.963458311814419e-23,0.6934881687177441,0.0861210353757684,0.0224180808682681,3.111078890468181,0.0861210353757684,0.0224180808682685,False
2PdSeO3-1,4694,,,,,,,,,3.1347265814074463,1.9715712106436167,1.1631553707638294,2.749025495176449,2.1874985962480498,0.5615268989283988,0.3775176792693325,0.3378072477726234,0.039710431496709,-4.271269681789031,,-3.9369895897763114,,4333283.0,0.0,,0.0,,-1.047570897372773e-05,-4.831494242055161,,-5.268513230719812,,0.0,4.716496147012666,3.1929056719264297,1.5096929839086273,-7.033091509036691e-05,1.120449120532261,1.2427018522047382,,2.846544058229457,1.2746838388139907,,,2.663047281887001,,,,,,1.0,-0.6457799906271795,,,0.0,,,,15.0,,4.981266791441903e-16,11.0,,,,,3.918025473673911,-5.391718802321292,,-6.600036871663312,,Rectangular,Rectangular (op),,Yes,/home/niflheim2/cmr/C2DB-ASR/ICSD-COD/3el/Pd2O6Se2,P2_1/m,exfoliated02-21,p2_1/m11,Pd2Se2O6-2e7b44920343,z,,,O6Se2Pd2,10,2PdSeO3,1,ABC3,2PdSeO3,1,4.716496147012666,1.4750637972719147,15.08093137796982,0.0004834836955935,False,4.716496147012667,2.687284656624156,10.22391804738313,3.1929056719264297,1.8889423399357408,5.397013140256451,-0.0002892790022782,False,3.1929056719264293,2.798437804769854,2.8571613998763183,17.252029354339207,1.8976473361284052,16.295757612714606,2449.29275730808,16.773893483526905,False,1.883131867419588e-16,1.0000000000000002,True,1.3908622912186528e-16,1.0,True,True,PdSeO3,Pd2Se2O6,10,O3-Pd1-Se1,3.2555406,0.27845237,7.669738744115906,3.9180254736739106e-10,728.9549029494274,0.1,7289.549029494274,69.95702368630255,0.117682554734902,6.158231745157818e-13,1.7969089602870364e-22,0.1889851030450886,0.0814226587147546,0.0005154076012039,2.765634947734835,0.0814226587147546,0.0005154076012039,False
1CrMo3Se8-1,14177,,,,,,,,,8.52339589911275,8.044803319367618,0.4785925797451308,8.568963873552221,8.088406472918349,0.4805574006338726,0.5251845376571652,0.5236302256449649,0.0015543120122004,-4.27087090693882,,-3.8086902923876695,,,0.0,-0.1543102946470753,0.0,-0.4465680056000565,5.704655464259284e-06,-4.746616522232321,,-4.546933385366086,-4.920764087171343,0.0102400923310984,0.9218417829931022,0.6957107039144068,4.502904847740141,2.7431545461726174e-05,0.9514912305870032,0.9514912305870032,,1.4321898061184544,1.0403566718998962,0.0,,1.4321898061184544,0.0,,,,,0.0,-0.6420498651866625,,,0.0,1.0,,,27.0,0.1145387487110407,-8.179285924580519e-16,25.0,0.0,0.0,,,3.3795516868475843,-5.222362137525823,,-5.240880098506124,,Rectangular,Rectangular (op),,Yes,/home/niflheim2/cmr/C2DB-ASR/tree/AB3C8/CrMo3Se8/CrMo3Se8-a7233837cfe9,Pmm2,original03-18,pm2m,CrMo3Se8-a7233837cfe9,z,z,,CrSe8Mo3,12,1CrMo3Se8,1,AB3C8,1CrMo3Se8,1,0.9218417829931022,0.6459630320724962,1.3155431977979353,0.0007903545605639,False,0.9218417829931024,0.8664691041313036,2.036561122665441,0.6957107039144068,0.6180082883945945,0.7599720645978645,-0.0067479571491192,False,0.6853240364016372,0.6816774039628165,1.229711767413428,105.21780498962832,26.23005419586029,105.38218967224526,4953.858201705943,105.2999973309368,False,1.2043531168878075e-16,1.0000000000000002,True,0.0149295784215036,0.9850704215784964,True,True,CrMo3Se8,Cr1Mo3Se8,12,Cr1-Mo3-Se8,1.8900721,0.27289423,30.99449516308245,3.3795516868475846e-10,1217.3968721407266,0.1,12173.968721407266,75.14216744429977,7.086209061236999,3.687436140884613e-13,1.075956104973118e-22,0.1121246400869857,0.0926485946198649,0.0241290181954672,1.4970634986012494,0.0926485946198649,0.0241290181954685,False
1Al2Mg2Te5-1,12860,,,,,,,,,19.000363471072813,8.69397249928258,10.306390971790233,18.987015427841044,8.695670490837614,10.29134493700343,1.2736054294544168,1.1776510685850183,0.0959543608693983,-3.680694559383092,,-3.370156849859674,,,0.0,,0.0,,1.225678150641945e-13,-3.92689067917857,,-3.974888410181842,,0.0355144624383803,0.1644337293091782,0.3384090098569015,3.556926998817251,1.411907356451554e-12,0.4923922395909555,0.4923922395909555,,1.2094631206443367,0.8007395215873085,,,1.2094631206443367,,,,,,1.0,-0.6059433689748212,,,0.0,,,,72.0,,-3.971671656636683e-15,164.0,,,,,13.985388091821056,-4.173086798974048,,-4.579619970504011,,Hexagonal,Hexagonal (hp),,Yes,/home/niflheim2/cmr/C2DB-ASR/tree_LDP/A2B2C5/Al2Mg2Te5/Al2Mg2Te5-de06345a797b,P-3m1,Lyngby22_LDP,p-3m1,Al2Mg2Te5-1ed2fefd5639,z,,,Mg2Al2Te5,9,1Al2Mg2Te5,1,A2B2C5,1Al2Mg2Te5,1,0.1644337293091782,0.164327754366299,0.1645397725952813,2.445101247418072e-07,False,0.1644337293091782,0.1644336951375733,1.0012902155804415,0.3384090098569015,0.3352514404752643,0.3415963188405095,-2.5923143579756897e-07,False,0.3384090098569015,0.3383941407092714,1.018925730360026,108.03375837752432,36.2952090818339,108.1708901864173,3714.8149880488886,108.1023242819708,False,1.687949043802394e-16,0.9999999999999998,True,0.0,1.0,True,True,Mg2Al2Te5,Mg2Al2Te5,9,Al2-Mg2-Te5,1.5140135,0.27532515,8.812607602682156,1.3985388091821054e-09,2823.7661555522086,0.1,28237.661555522085,77.49646597443387,10.25024702762028,1.5897468050975093e-13,4.638718380342792e-23,0.0212167620683443,0.0950798613742018,0.0478273196325753,0.3983035963447783,0.0950798613742014,0.0478273196325762,False
1AuInCl2S2-1,11547,,,,,,,,,5.407605306436469,3.2123710010654354,2.195234305371033,4.446936398035287,2.011806910632528,2.435129487402759,0.3630625971065825,0.3288725226179416,0.0341900744886409,-5.163649236674891,,-4.914405922443554,,,0.0,,0.0,,-0.0003758990709104,-6.060230256355256,,-6.206605509635296,,0.0119859343374099,1.5838283780378977,7.432895765647141,3.004018544967262,-0.0026355636757887,1.7931620393607313,2.0243215191559614,,2.885507573584312,2.0119344163324224,,,2.584399174383482,,,,,,1.0,-0.6054360277590352,,,0.0,,,,14.0,,-3.816630654404984e-15,10.0,,,,,3.5154668615500526,-6.956811276035622,,-7.498805096827036,,Rectangular,Rectangular (op),,Yes,/home/niflheim2/cmr/C2DB-ASR/tree_CDVAE/ABC2D2/AuInCl2S2/AuInCl2S2-6a5e35007f8e,P2/m,Lyngby22_CDVAE,p2/m11,AuInCl2S2-5aa3d8b92b5a,z,,,S2Cl2InAu,6,1AuInCl2S2,1,ABC2D2,1AuInCl2S2,1,1.5838283780378977,0.5079503266498608,4.931628935346088,0.007603224105976,False,1.582726296181671,0.9210353992362936,9.708880330626398,7.432895765647141,5.787739816617276,9.54567559127682,-0.0084857291843902,True,7.43289221609896,7.206207518215578,1.649292451583617,57.224098829125566,6.763844196325603,23.127386959111792,4461.550699504219,40.17574289411868,False,0.0006958341392972,0.9993041658607028,True,4.775458034968938e-07,0.9999995224541964,True,True,InAu(SCl)2,In1Au1S2Cl2,6,Au1-Cl2-In1-S2,3.37791,0.2621639,10.337160380001333,3.515466861550053e-10,1224.5440349233863,0.1,12245.440349233862,70.06432226212603,0.2618854938689619,3.665914084022678e-13,1.0696761891759532e-22,0.0501833086889367,0.0884524488309921,0.0012901608596598,0.8291830979228281,0.088452448830993,0.0012901608596598,False
2AlITe-1,6551,,,,,,,,,5.012554516141594,2.983527684908246,2.029026831233348,4.543525656722521,2.6793585579159243,1.864167098806596,0.5756912258724569,0.5441106402546908,0.0315805856177661,-3.7033450907365486,,-3.4210899278511318,,,0.0,,0.0,,-4.644570635510222e-13,-4.749622696192717,,-4.8898657551010745,,2.8354937912311584e-05,0.5626099099617808,0.5263440156636519,2.038686735713892,-3.258202217562269e-12,2.0925552109123378,2.0925552109123378,,2.9375516544998863,2.322248416097912,,,2.9375516544998863,,,,,,0.0,-0.5692524687260226,,,0.0,,,,32.0,,-2.2179011471766438e-13,31.0,,,,,6.394859197524216,-5.795900301648887,,-6.358641582351018,,Rectangular,Rectangular (op),,Yes,/home/niflheim2/cmr/C2DB-ASR/tree_LDP/ABC/AlITe/Al2I2Te2-e29cf284c8f0,Pmn2_1,Lyngby22_LDP,pm2_1n,Al2I2Te2-2db20015e6fd,z,,,Al2Te2I2,6,2AlITe,1,ABC,2AlITe,1,0.5626099099617808,0.1457772088024222,2.171326460339962,7.834504618474071e-05,False,0.5626099099617807,0.2732116952750399,14.894828061105548,0.5263440156636519,0.2899109187542953,0.9555970641441528,-0.0001775907427106,True,0.5263440156636519,0.4448594896682035,3.296174798280152,42.93379229951107,7.434481668083231,16.717016192129112,3441.884358136307,29.82540424582009,False,1.973344238996032e-16,0.9999999999999998,True,0.0,1.0,True,True,AlTeI,Al2Te2I2,6,Al1-I1-Te1,3.852878,0.2643729,6.563994849318572,6.394859197524216e-10,2262.012768011145,0.1,22620.12768011145,70.20995707252536,0.4576100646625515,1.98454813678111e-13,5.790708236835819e-23,0.5961814180945906,0.0961126270584422,0.0029676735434818,3.6054517250765614,0.0961126270584422,0.0029676735434822,False
1CrSSe-1,7874,,-0.9614438948943872,0.5082413070070719,,-17.51273584357449,,6.0,,10.555850902727856,9.61764684563848,0.9382040570893736,10.55818532736517,9.61764684563849,0.9405384817266796,0.8902727966180233,0.8888984717846319,0.0013743248333914,-4.768055647529728,-4.49862115415884,-4.223614615950045,,,0.0,0.2766507204370327,0.0,0.2864666127209148,-0.0387166414930917,-5.159051336642625,-5.154640551405056,-4.853130551608861,-6.071116290856608,0.0104243095510743,0.9386224172382232,0.922201876761288,4.296424292052134,-0.8262591092708562,0.7819913782257938,0.7819913782257953,1.2944246506512027,1.2406753060584683,0.8303457934393914,0.0,1.2944246506512027,1.2406753060584683,0.0,,,,,0.0,-0.5688273661474845,,,0.0,1.0,,0.1784969307792039,69.0,2.438328329980298,-1.1905997879946988e-14,156.0,0.0,0.0,,1.0,3.0485211510996733,-5.5500470257555214,-5.793045804810042,-5.464289922008513,,Hexagonal,Hexagonal (hp),,Yes,/home/niflheim2/cmr/C2DB-ASR/tree/ABC/CrSSe/CrSSe-09e1e5ef94cb,P3m1,janus10-19,p3m1,CrSSe-09e1e5ef94cb,z,y,,SCrSe,3,1CrSSe,1,ABC,1CrSSe,1,0.9386224172382232,0.9385613675221884,0.9386834709253012,0.0003346219454266,False,0.9386224172382232,0.9386224152527016,1.0001300963446162,0.922201876761288,0.8695685912166682,0.9885269499556838,-0.0017977343922142,False,0.9271418377210005,0.9252398148593808,1.1368015817735246,107.97484584837716,32.275992841243536,107.92360380551344,5815.383873470983,107.94922482694533,False,0.0,1.0,True,0.0053567023492308,1.005356702349231,True,True,CrSeS,Cr1Se1S1,3,Cr1-S1-Se1,1.643326,0.27086124,40.64509633030397,3.048521151099673e-10,1139.1152157719916,0.1,11391.152157719916,77.58556942335579,10.369996792450888,3.940842122005458e-13,1.1498973752776027e-22,0.1028922139341155,0.0941234326467421,0.0319926638982122,1.3494678414070775,0.0941234326467421,0.0319926638982126,False
2InS-1,9478,,,0.8492406675346293,,,,,,5.951903380973246,3.517907502336096,2.433995878637149,5.947950575801833,3.517907502336098,2.430043073465735,0.5594315548460745,0.5263345222941577,0.0330970325519168,-4.671895240354438,-4.381188159076529,-4.43081634674094,,,0.0,,0.0,,3.1422497713648293e-12,-5.509468767555103,-5.955465556844466,-5.373971288895392,,0.0,0.2558530156050385,5.126982072626697,4.035552291812047,4.2846115407093984e-11,1.6751470544013318,1.758293781154311,3.223614722147097,2.511314925771462,1.762625980088974,,3.148554795535873,2.4308252492074818,,,,,,0.0,-0.5556892652574903,,,0.0,,,,78.0,,-6.298810155395658e-14,187.0,0.0,0.0,,,5.174402970115818,-6.347042294755769,-7.529742954612402,-6.861641595948422,,Hexagonal,Hexagonal (hp),,Yes,/home/niflheim2/cmr/C2DB-ASR/tree/AB/InS/In2S2-172ef584c4a6,P-6m2,original03-18,p-6m2,In2S2-172ef584c4a6,z,,,S2In2,4,2InS,1,AB,2InS,1,0.2558530156050385,0.2556812234756102,0.2560249231615418,6.120308982998535e-05,False,0.2558530156050385,0.2558529578915141,1.0013442507872086,5.126982072626697,2.181205403405948,12.05110950669299,-0.000183872588429,False,5.126982072626697,3.693839735710683,5.524976917751627,58.82969991962947,18.84006052224907,59.06305818750722,4000.6066582601375,58.94637905356834,False,0.0,1.0,True,0.0,1.0,True,True,InS,In2S2,4,In1-S1,3.1970177,0.26151302,9.543464766216404,5.174402970115818e-10,2510.1753019300672,0.1,25101.75301930067,70.47918818852187,0.8194407593859625,1.7883504871870757e-13,5.218223586806232e-23,0.2191904079928144,0.0952465863133662,0.0053326058418132,2.6667755680375014,0.0952465863133662,0.0053326058418132,False
1GaLiP2S6-1,70,,,,,,,,,5.538002612359817,2.3069137230221832,3.231088889337634,5.681942592375169,2.164211273442734,3.517731318932435,0.3578715877981699,0.3426673594799549,0.015204228318215,-4.4414524441257965,,-4.133284489940065,,,0.0,,0.0,,4.3044892620387014e-13,-5.464178677075648,,-5.631696444865554,,0.0,1.7140601667490287,1.8950157285918996,1.6828537744353145,2.1497371768937158e-12,2.045452465899701,2.1947596791720074,,3.170309745279676,2.214947293674913,,,2.9968239098509786,,,,,,0.0,-0.5299297013424329,,,0.0,,,,10.0,,-2.546538348132334e-15,5.0,,,,,3.014026192686444,-6.4869049100254985,,-7.130108399791044,,Centered,Centered rectangular (oc),,Yes,/home/niflheim2/cmr/C2DB-ASR/tree_LDP/ABC2D6/GaLiP2S6/GaLiP2S6-41e9dfcd6e69,C2,Lyngby22_LDP,c211,GaLiP2S6-2fa393bffd86,z,,,LiP2S6Ga,10,1GaLiP2S6,1,ABC2D6,1GaLiP2S6,1,1.7140601667490287,0.4140537674737699,7.095702263889749,9.626693894897296e-05,False,1.714060166749029,0.7824494545403404,17.137151793551205,1.8950157285918996,1.2430763100561768,2.956950881001,-0.0019778542828826,True,1.9172155826020407,1.7503294254849242,2.3787364114978344,45.10972904139759,12.41103368544812,42.54809606447806,5453.368761718318,43.82891255293782,False,1.2954306344226652e-16,1.0000000000000002,True,0.0117148653043832,1.0117148653043833,True,True,LiGa(PS3)2,Li1Ga1P2S6,10,Ga1-Li1-P2-S6,3.90576,0.26193747,10.320724203565112,3.0140261926864444e-10,1317.2994657969775,0.1,13172.994657969775,69.97131454244587,0.1368886200791325,3.407784896819701e-13,9.943567357043703e-23,0.0193509852263047,0.0824078733003839,0.0007004938948997,0.5633732953708885,0.0824078733003839,0.0007004938948993,False
1AgGaCl2Br4-1,12607,,,,,,,,,8.989905282144349,2.524725639593418,6.465179642550931,6.295950299230986,4.4977848611812,1.798165438049787,0.3710796829997408,0.346779636358725,0.0243000466410158,-6.617725513053565,,-6.809010407611753,,,0.0,,0.0,,0.0137162396540501,-6.8396220701636095,,-7.381454716845188,,0.0783211006259624,1.8275597106489532,3.69434186500724,2.5939924647900705,0.0648177554758136,0.4437931142200879,0.4658487926592451,,1.1755041343213524,0.5415305304498412,,,1.1448886184668714,,,,,,0.0,-0.5248184186189515,,,0.0,,,,1.0,,-2.8928796025868653e-15,1.0,,,,,3.305800518872772,-7.061518627273653,,-7.953899026078624,,Oblique,Oblique (mp),,Yes,/home/niflheim2/cmr/C2DB-ASR/tree_CDVAE/ABC2D4/AgGaCl2Br4/AgGaCl2Br4-a013c1206eca,P1,Lyngby22_CDVAE,p1,AgGaCl2Br4-0e3f0b910494,z,,,Cl2GaBr4Ag,8,1AgGaCl2Br4,1,ABC2D4,1AgGaCl2Br4,1,1.8275597106489532,0.9387204320906986,3.558007668532967,0.0003087403612321,False,1.8275597106489527,1.48551320927056,3.7902740229150513,3.69434186500724,1.741453968605175,7.837222264609569,-0.000228761492847,False,3.69434186500724,2.8496968648380028,4.500390137148916,14.724563561217746,5.848464971036965,17.058920871636843,2444.741201820736,15.891742216427296,False,1.2149786605121912e-16,1.0,True,0.0,1.0,True,True,GaAg(Br2Cl)2,Ga1Ag1Br4Cl2,8,Ag1-Br4-Cl2-Ga1,1.438865,0.26823595,14.347367618245448,3.3058005188727717e-10,974.2948190463734,0.1,9742.948190463734,70.39940545804538,0.7122174888201254,4.60751010512962e-13,1.3444242657854548e-22,0.1958569038301574,0.0745034025993089,0.0036207396690493,2.871225457832553,0.0745034025993094,0.0036207396690493,False
2InI3-1,12361,,,,,,,,,6.004446258693498,2.2359914273254016,3.768454831368097,6.023481264087547,2.235991427325404,3.787489836762144,0.4508791838947313,0.4096218850277549,0.0412572988669763,-4.506256010022041,,-4.320707616780355,,,0.0,,0.0,,-7.166317752084273e-15,-5.304848781908556,,-5.618570055262625,,0.0044441006171411,2.1617610836075207,0.7509256997732523,3.0609790290508885,-2.6816470548112937e-14,1.597185543773032,1.6314064489691418,,2.459443440582228,1.9446478901048625,,,2.3956467296920856,,,,,,1.0,-0.5131479339200318,,,0.0,,,,71.0,,-9.628912399932554e-16,162.0,0.0,0.0,,,3.438623932005278,-6.103441553795072,,-6.716354346472441,,Hexagonal,Hexagonal (hp),,Yes,/home/niflheim2/cmr/C2DB-ASR/tree/AB3/InI3/In2I6-68457dfb5c70,P-31m,original03-18,p-31m,In2I6-68457dfb5c70,z,,,In2I6,8,2InI3,1,AB3,2InI3,1,2.1617610836075207,1.231761477313709,3.928211957998805,0.0019993793601666,False,2.199686378688104,1.8754438274711525,3.1891011615054383,0.7509256997732523,0.7493920279458092,0.7524625103440857,-1.876338610521528e-05,False,0.7509256997732524,0.7509241304048372,1.0040972979212135,16.376095824371554,5.652773771832753,16.18305489843424,2193.60334613423,16.279575361402898,False,0.0175437033112346,1.017543703311235,True,1.4784725372435606e-16,1.0000000000000002,True,True,InI3,In2I6,8,I3-In1,3.1319401,0.26195377,9.171378296060157,3.4386239320052783e-10,874.2290946581832,0.1,8742.29094658183,69.97754053209647,0.1452559818986447,5.134893418168373e-13,1.4983093158975001e-22,0.210883018715017,0.1004398157150818,0.0007780400603385,2.8816186034723925,0.1004398157150818,0.0007780400603385,False
2AsMgSe3-1,4847,,,,,,,,,6.91754952831716,4.437497574254087,2.480051954063074,6.906946389218929,4.437497574253961,2.469448814964967,0.438595083442436,0.4251565178388767,0.0134385656035592,-4.737720619506278,,-4.500899523151343,,,0.0,,0.0,,-2.5273386611990958e-12,-5.393622539690834,,-5.568532895445792,,0.0519033162900544,0.4048703928841303,0.5862765919850237,1.9784805146329212,-1.2261258236911514e-11,1.3118038403691124,1.3118038403691124,,2.136520395447117,1.3202403090955075,,,2.1352667445888964,,,,,,1.0,-0.5118332301528895,,,0.0,,,,71.0,,-5.53048271903587e-16,162.0,,,,,3.554559820214255,-6.04952445987539,,-6.63616626774024,,Hexagonal,Hexagonal (hp),,Yes,/home/niflheim2/cmr/C2DB-ASR/tree_LDP/ABC3/AsMgSe3/As2Mg2Se6-7dde1103e762,P-31m,Lyngby22_LDP,p-31m,As2Mg2Se6-51b3844abf0f,z,,,Mg2As2Se6,10,2AsMgSe3,1,ABC3,2AsMgSe3,1,0.4048703928841303,0.4048412566896972,0.4048995311754787,1.4060251927046704e-05,False,0.4048703928841303,0.4048703918356727,1.0001439440393451,0.5862765919850237,0.586048963273924,0.5865043091099478,-9.392529076752588e-05,False,0.5862765919850237,0.5862765477781149,1.0007769757555411,52.55040350648149,13.464253561713813,52.49221492691323,4190.18964284402,52.52130921669736,False,1.3710844805375662e-16,1.0,True,0.0,1.0,True,True,MgAsSe3,Mg2As2Se6,10,As1-Mg1-Se3,2.7492478,0.2658683,16.68780438052515,3.5545598202142553e-10,1929.7386801185223,0.1,19297.386801185225,70.98372785019939,1.4975122208683391,2.3262596487188026e-13,6.787787435936884e-23,0.7191136395385,0.085228822093565,0.007858463687675,3.260488795679424,0.0852288220935655,0.0078584636876746,False
1AlLiP2Se6-1,122,,,,,,,,,5.452693248584351,2.982225427213006,2.470467821371345,5.354024882855626,2.7530701817346297,2.600954701120996,0.3893444646811119,0.3794749844367104,0.0098694802444014,-3.874419295242136,,-3.5635880928025827,,,0.0,,0.0,,3.9715757542548094e-13,-4.89241231585871,,-5.023321358250909,,0.0,0.9784673210116634,1.3551007220122373,1.7546518959154511,1.8326247594238084e-12,2.035986041233147,2.1063612969488545,,3.018746491769205,2.176261093201526,,,2.919466530896653,,,,,,0.0,-0.4942500001135251,,,0.0,,,,10.0,,-3.897454756697538e-15,5.0,,,,,3.2118436763528706,-5.910405336475283,,-6.483054623699236,,Centered,Centered rectangular (oc),,Yes,/home/niflheim2/cmr/C2DB-ASR/tree_LDP/ABC2D6/AlLiP2Se6/AlLiP2Se6-03cb854bbe03,C2,Lyngby22_LDP,c211,AlLiP2Se6-8321b6ade75c,z,,,LiAlP2Se6,10,1AlLiP2Se6,1,ABC2D6,1AlLiP2Se6,1,0.9784673210116634,0.3469118908941687,2.759773658435398,0.0002858592696224,True,0.9784673210116634,0.6163470895819189,7.955258181903349,1.3551007220122373,0.7999147384376498,2.2956171183751963,-0.0009390083492449,False,1.3551007220122373,1.1864183938256965,2.869827255413335,41.62036964758462,10.283006351549991,39.08397811669027,4153.676544033406,40.35217388213744,False,0.0,1.0,True,0.0,1.0,True,True,LiAl(PSe3)2,Li1Al1P2Se6,10,Al1-Li1-P2-Se6,3.832069,0.27413034,12.219700811650675,3.211843676352871e-10,1504.283520770667,0.1,15042.835207706672,70.13328253663485,0.3545640237687816,2.984193579300649e-13,8.70757127010159e-23,0.004466159374012,0.0847903996958074,0.0019197399108135,0.4840044258462987,0.084790399695807,0.0019197399108143,False
1CrSe2-1,3974,,-0.1549516009167935,0.4794701330539083,,-6.654506133192702,,6.0,,11.428708645893495,10.308959783810236,1.11974886208326,11.434923441495066,10.308959783810222,1.1259636576848435,0.8832412761188707,0.8814068465535241,0.0018344295653466,-4.541109331020951,-4.33486511107559,-4.001577138311476,,,0.0,-1.1169970294702125,0.0,-1.101501445134545,-1.2587294417871956e-14,-4.883730756499121,-4.917394232622515,-4.577530676129626,-5.741388549169885,0.0,0.9167889980150804,0.9495630419983168,4.362739493733104,-2.5521629005749773e-13,0.6852428509563413,0.6852428509563415,1.1650582430938508,1.1284344191608056,0.7410669839142621,0.0,1.1650582430938503,1.1284344191608056,0.0,,,,,0.0,-0.4858993582266369,,,0.0,1.0,,0.1982732493372749,78.0,2.6115916170162814,-1.655102871652241e-14,187.0,0.0,0.0,,1.5,3.1475288854098444,-5.226352181977292,-5.49992335416944,-5.130011557472282,,Hexagonal,Hexagonal (hp),,Yes,/home/niflheim2/cmr/C2DB-ASR/tree/AB2/CrSe2/CrSe2-9a6ff6a3c41a,P-6m2,original03-18,p-6m2,CrSe2-9a6ff6a3c41a,z,z,Trivial,CrSe2,3,1CrSe2,1,AB2,1CrSe2,1,0.9167889980150804,0.9161218284937042,0.917456653405428,0.0007454609499732,False,0.9167889980150804,0.9167887550806592,1.001457038649454,0.9495630419983168,0.9486303379348806,0.9504966631069236,-0.0013590277901025,False,0.9495630419983168,0.949562583475953,1.0019673892952927,98.69759661002028,31.253114598964316,98.66763301633816,5026.618691328049,98.6826148131792,False,1.2109907808981954e-16,1.0000000000000002,True,0.0,1.0,True,True,CrSe2,Cr1Se2,3,Cr1-Se2,1.4948181,0.26903248,42.15806844295726,3.1475288854098443e-10,1135.720713064409,0.1,11357.207130644088,78.80153846390193,12.00418725767432,3.952620721356005e-13,1.1533342499501531e-22,1.385575955143588,0.0895950256274868,0.0406724083183878,0.3205121355909735,0.0895950256274877,0.0406724083183878,False
1TeCd2I2-1,2516,,,,,,,,,4.518000198400424,2.0225335043823587,2.495466694018065,4.355877831154255,2.056285053344161,2.2995927778100937,0.4123658328360696,0.3665078102169393,0.0458580226191302,-3.77763050269843,,-3.5145851386687843,,,0.0,,0.0,,-0.053044023030331,-4.730747754090728,,-4.843925811358856,,0.0843807402808836,0.3265953586207424,0.5406638464004498,2.487295858921436,-0.2814418393187206,1.906234502784596,1.906234502784596,,2.6586813453801432,2.070582331638916,,,2.6586813453801432,,,,,,0.0,-0.479623268092164,,,0.0,,,,1.0,,-2.220817862713188e-16,1.0,,,,,3.806090311760304,-5.6838650054830255,,-6.173266484048927,,Oblique,Oblique (mp),,Yes,/home/niflheim2/cmr/C2DB-ASR/tree_CDVAE/AB2C2/TeCd2I2/TeCd2I2-4ea4cb2f906f,P1,Lyngby22_CDVAE,p1,TeCd2I2-0f5cc7642160,z,,,Cd2TeI2,5,1TeCd2I2,1,AB2C2,1TeCd2I2,1,0.3265953586207424,0.218691546072117,0.4877396048836611,0.0001966170406451,True,0.3265953586207424,0.3019813838285521,2.2302627314309675,0.5406638464004498,0.2772435863077556,1.054370269471413,-6.901079915452171e-05,True,0.5406638464004498,0.4390422847222255,3.8030465682297305,18.461908673476696,4.530002370993413,19.711896675121007,2500.905509348601,19.08690267429885,False,0.0,1.0,True,0.0,1.0,True,True,Cd2TeI2,Cd2Te1I2,5,Cd2-I2-Te1,3.502411,0.26471746,7.733411646426711,3.8060903117603035e-10,2287.044544095173,0.1,22870.445440951724,69.94933627484069,0.1073511284449841,1.9628271936030965e-13,5.727328748960671e-23,0.0808071773202834,0.1037930623869773,0.0010066972992066,1.2031929452229306,0.1037930623869778,0.0010066972992071,False
2GeInS3-1,4668,,,,,,,,,8.064265348412384,3.570278938299032,4.493986410113352,8.09426967382515,3.5716483816687585,4.522621292156391,0.4201831220885973,0.401816383155659,0.0183667389329383,-4.722566649120248,,-4.462292363134971,,,0.0,,0.0,,7.724043925035512e-09,-5.542925932289064,,-5.676634061058911,,0.0042300889023605,0.2256532303042127,1.789090609611802,2.038633994883956,3.9758362444862995e-08,1.6407185663376307,1.909363846366281,,2.7665079251824967,1.9309430937299856,,,2.42868339584788,,,,,,1.0,-0.4446047741462252,,,0.0,,,,71.0,,4.057779734166988e-16,162.0,,,,,3.416593868309805,-6.363285215457879,,-6.890975758982851,,Hexagonal,Hexagonal (hp),,Yes,/home/niflheim2/cmr/C2DB-ASR/tree_LDP/ABC3/GeInS3/Ge2In2S6-8d04b638c20c,P-31m,Lyngby22_LDP,p-31m,Ge2In2S6-a958f89dfd93,z,,,S6Ge2In2,10,2GeInS3,1,ABC3,2GeInS3,1,0.2256532303042127,0.2255646637851331,0.2257418315983681,3.771762354625781e-06,False,0.2256532303042127,0.2256532129166761,1.0007854413464503,1.789090609611802,1.4620557594694985,2.222676832842998,-0.0037248694037326,False,1.802686180370152,1.7638606783446762,1.52024081054849,68.90855985238215,20.65489535898341,68.6608080327388,5071.208253500285,68.78468394256048,False,2.4600202335424523e-16,0.9999999999999998,True,0.007599151594284,1.007599151594284,True,True,InGeS3,In2Ge2S6,10,Ge1-In1-S3,3.1818788,0.25706744,14.134148959871949,3.4165938683098045e-10,2692.945158811715,0.1,26929.451588117143,70.4338137490823,0.7584601967034718,1.6669753594657094e-13,4.864063393452033e-23,0.2095582886140898,0.1004317501024312,0.0050284448488562,2.3705053119907094,0.1004317501024303,0.0050284448488557,False
1CdInTlS4-1,13894,,,,,,,,,14.935556946417336,6.844318595083015,8.09123835133432,14.930822789975622,6.845854005984946,8.084968783990675,0.9210773979878693,0.8569331918193269,0.0641442061685423,-5.3207875475290844,,-5.195241145633526,,,0.0,,0.0,,0.0247223507966945,-5.482627892847181,,-5.758889581130966,,0.0897771494746604,0.4935888104021083,2.1921369270795954,3.145593450338813,0.3161626554479098,0.3236806906361935,0.3786486447023933,,1.2013682642970638,0.4009449987790563,,,1.1272968709948814,,,,,,0.0,-0.4177541610873026,,,0.0,,,,69.0,,-1.964716289546671e-15,156.0,,,,,9.859757777770184,-5.6444682381652775,,-6.322538016628407,,Hexagonal,Hexagonal (hp),,Yes,/home/niflheim2/cmr/C2DB-ASR/tree_LDP/ABCD4/CdInTlS4/CdInTlS4-2d689d8f8e24,P3m1,Lyngby22_LDP,p3m1,CdInTlS4-45a399554d0c,z,,,S4CdInTl,7,1CdInTlS4,1,ABCD4,1CdInTlS4,1,0.4935888104021083,0.3672464008955127,0.6633963278063136,2.0433532677193823e-06,False,0.4935888104021083,0.4727727794888516,1.8064066147105964,2.1921369270795954,0.3922888023622815,12.249812582282406,-0.0002670339842155,False,2.1921369270795954,0.7602318888065193,31.22651604765822,85.9524628096705,32.14688787443341,85.91136889854906,3616.916038042486,85.93191585410977,False,0.0,1.0,True,0.0,1.0,True,True,TlCdInS4,Tl1Cd1In1S4,7,Cd1-In1-S4-Tl1,1.3821408,0.2700455,9.724138389456051,9.859757777770182e-10,1692.1396375291886,0.1,16921.396375291886,74.1272555821398,5.722227551116446,2.652897624150221e-13,7.740883599107811e-23,0.2573814598253738,0.1006353612537869,0.0249177916542078,3.071823665281525,0.1006353612537864,0.0249177916542064,False
1STeI2In2-1,11491,,,,,,,,,8.891136754107347,2.2388947205764502,6.652242033530896,4.205595720996145,2.5908160520510246,1.6147796689451206,0.5039448788356603,0.4595722806795438,0.0443725981561163,-4.115898943777776,,-3.8825150121940384,,,0.0,,0.0,,0.0362727219852193,-4.532479082485256,,-4.660703749318,,0.0896889335396397,0.5457295767694599,1.1002231370461597,2.928535296668618,0.2072570627299207,0.8331602774149631,0.8331602774149631,,1.5563774742479246,0.833279885556897,,,1.5563774742479246,,,,,,0.0,-0.416316815417276,,,0.0,,,,1.0,,-2.973728911090717e-15,1.0,,,,,4.968296379805814,-4.949059221192739,,-5.438892486441963,,Oblique,Oblique (mp),,Yes,/home/niflheim2/cmr/C2DB-ASR/tree_CDVAE/ABC2D2/STeI2In2/STeI2In2-f1f4818ea631,P1,Lyngby22_CDVAE,p1,STeI2In2-9a868ba8a87e,z,,,SIn2TeI2,6,1STeI2In2,1,ABC2D2,1STeI2In2,1,0.5457295767694599,0.3146210229634384,0.9466016229804928,0.0004222396247774,False,0.5457295767694599,0.4722731104119639,3.0087042946602325,1.1002231370461597,0.3826131100858236,3.1637466657119204,-0.0005698391685778,True,1.1002231370461597,0.6826667500306822,8.268787927842471,19.40586955969,1.656829567286587,18.2966526981098,2398.9285882239114,18.851261128899896,False,0.0,1.0,True,2.01817792635382e-16,0.9999999999999998,True,True,In2TeSI2,In2Te1S1I2,6,I2-In2-S1-Te1,1.9877479,0.25909814,7.107922202033767,4.968296379805813e-10,1771.89736435007,0.1,17718.973643500696,70.04303214768078,0.2332728393770943,2.5334837753304e-13,7.392446216744899e-23,1.313661764768002,0.0919764337441932,0.0019111642747891,0.667117598198417,0.0919764337441932,0.0019111642747891,False
2PZnS3-1,4935,,,,,,,,,10.124445998327475,3.185226662339604,6.9392193359878735,10.168460644064703,3.190988688484232,6.977471955580474,0.4151111985727412,0.384717038018626,0.0303941605541152,-4.01676873929364,,-3.60929480713636,,,0.0,,0.0,,7.679589873080558e-05,-5.059775328270687,,-5.207731457840848,,0.0198215615126765,0.2632858139020061,0.5069939376096795,3.616167304159003,0.0004438949647531,2.086013177954096,2.4836794516279794,,3.5900583949674862,2.4943956806988035,,,3.196873301408976,,,,,,1.0,-0.4137654476026547,648089.0,,0.0,,,,71.0,,-9.302874966574885e-16,162.0,0.0,0.0,,,3.232101649089116,-6.102781917247734,,-6.806168108545336,,Hexagonal,Hexagonal (hp),,Yes,/home/niflheim2/cmr/C2DB-ASR/tree/ABC3/PZnS3/P2Zn2S6-7acea360f955,P-31m,original03-18,p-31m,P2Zn2S6-7acea360f955,z,,,P2S6Zn2,10,2PZnS3,1,ABC3,2PZnS3,1,0.2632858139020061,0.2632010012171505,0.2633706539165126,7.0543164335835e-06,False,0.2632858139020061,0.2632858002371813,1.0006445746732633,0.5069939376096795,0.5062065208404786,0.5077825792251494,-6.826447528842856e-06,False,0.5069939376096794,0.5069933251872847,1.003113469147047,68.18829144684453,24.57045136198229,67.64393128585317,5777.921633553141,67.91611136634884,False,2.1083988692197e-16,0.9999999999999998,True,2.18981518765198e-16,0.9999999999999998,True,True,ZnPS3,Zn2P2S6,10,P1-S3-Zn1,4.1405916,0.26460597,13.395322597295158,3.2321016490891157e-10,2479.1380496596366,0.1,24791.380496596365,70.2513141362691,0.5131915120399603,1.810739512770541e-13,5.283552470725969e-23,0.0377387694088309,0.1065795332061134,0.0035478339718131,0.6184259420828067,0.106579533206113,0.0035478339718126,False
1CoNaP2S6-1,432,,,,,,,,,6.187896139845215,5.121937582457663,1.0659585573875512,6.176837417175655,5.112265415932327,1.0645720012433286,0.3816866348630992,0.3764537292755745,0.0052329055875247,-5.279379274767327,,-5.02719946391422,-5.924901864849982,,0.0,0.6910784281899396,0.0,0.6967437745970528,2.2476033713353333e-07,-5.587548541183546,,-5.952915091892844,-6.058902122028581,0.0244317330015665,1.7867806641783344,2.5026763168558634,1.9526205363765647,1.3061996065656051e-06,0.6163385328324371,0.6163385328324371,,1.8514312559572497,0.6771891295765893,0.3361993859729622,,1.8514312559572472,0.2680005143572002,,,,,0.0,-0.4119860920403503,,,0.0,1.0,,,67.0,3.973258858221088,-2.571885347385002e-15,149.0,,,,,3.1603403354917123,-5.895717807599764,,-6.878630719871468,-6.192902379207181,Hexagonal,Hexagonal (hp),,Yes,/home/niflheim2/cmr/C2DB-ASR/tree_LDP/ABC2D6/CoNaP2S6/CoNaP2S6-d6b5329d0e15,P312,Lyngby22_LDP,p312,CoNaP2S6-7d2f5f69904a,z,y,,NaP2S6Co,10,1CoNaP2S6,1,ABC2D6,1CoNaP2S6,1,1.7867806641783344,1.777557819948676,1.796051361059946,0.0003063864698474,False,1.7867806641783346,1.7867567381727452,1.0104039041114308,2.5026763168558634,2.4981079861304893,2.5072530017619736,-0.0009997185058932,False,2.502676316855863,2.5026721397724665,1.0036607767487464,65.65736615204186,21.18408162035882,65.17432539364557,6051.102804450488,65.41584577284371,False,1.2427076774257592e-16,1.0000000000000002,True,1.7744572354765243e-16,0.9999999999999998,True,True,NaCo(PS3)2,Na1Co1P2S6,10,Co1-Na1-P2-S6,2.2341678,0.2706617,21.34698389538239,3.1603403354917125e-10,885.2476469381379,0.1,8852.476469381378,71.51749164730204,2.2148591917376006,5.070980125909672e-13,1.479660071716099e-22,0.0626821369800509,0.0971978425940829,0.0090149632059888,0.985606090319516,0.0971978425940829,0.0090149632059888,False
2AsSiS3-1,5417,,,,,,,,,3.077827156929104,2.1884511985346298,0.8893759583944736,3.650763772424345,2.458612556840104,1.192151215584241,0.3823815243361217,0.3583398134747594,0.0240417108613623,-3.5606869141347506,,-3.200817208497991,,,0.0,,0.0,,0.0001116953101753,-4.651372202618575,,-4.718133367971598,,0.0524246629916344,4.03288499403519,1.5439801151639927,2.9155724840395174,0.0004963245924731,2.1813705769676472,2.182101917705757,,3.085863685927683,2.1898205135431814,,,3.034632318947214,,,,,,1.0,-0.4078144366971535,,,0.0,,,,2.0,,-2.7142304310073284e-16,2.0,,,,,3.504089619162502,-5.742057491102399,,-6.235449527445206,,Oblique,Oblique (mp),,Yes,/home/niflheim2/cmr/C2DB-ASR/tree_LDP/ABC3/AsSiS3/As2Si2S6-d1f1f1c87683,P-1,Lyngby22_LDP,p-1,As2Si2S6-addf59de2e8a,z,,,Si2S6As2,10,2AsSiS3,1,ABC3,2AsSiS3,1,4.03288499403519,1.5668786133819912,10.379975344745588,0.0004547883011343,True,4.03288499403519,2.722752187666868,6.624619964874739,1.5439801151639927,0.8478368923405148,2.8117136887508614,-0.0007855256801303,False,1.5439801151639927,1.3028236900668173,3.3163379821665027,24.437286391144724,4.632323949993008,28.02210766469979,3878.575897505085,26.229697027922256,False,0.0,1.0,True,0.0,1.0,True,True,SiAsS3,Si2As2S6,10,As1-S3-Si1,4.0053287,0.26963148,9.332652952031488,3.5040896191625023e-10,725.7928426774666,0.1,7257.928426774666,69.99564797242019,0.1695913106281869,6.185061301474543e-13,1.8047375500740249e-22,0.067572076925447,0.0814414156928862,0.001041043976373,1.3505787664041655,0.0814414156928862,0.001041043976373,False
1S3Pt4Se5-1,16782,,,,,,,,,6.834488423807149,6.3659792389455365,0.4685091848616127,6.743403445820294,6.271169884348719,0.4722335614715753,0.3756165959728074,0.3754281565222524,0.0001884394505549,-4.429255425179018,,-4.323019479612536,,,0.0,,0.0,,-0.0434088637416454,-5.08336614067438,,-5.237575844660379,,0.0,0.7883866436814306,4.002971070238031,3.634576262004191,-0.1676806532542139,1.308221430990726,1.4112566578779262,,2.043136976729559,1.51664606908937,,,1.829112730095685,,,,,,0.0,-0.4070051235874909,,,0.0,,,,11.0,,-1.385413546811693e-15,6.0,,,,,2.7379976487933853,-5.737476856169743,,-6.1521322097082205,,Rectangular,Rectangular (op),,Yes,/home/niflheim2/cmr/C2DB-ASR/tree_CDVAE/A3B4C5/S3Pt4Se5/S3Pt4Se5-93260584e009,Pm,Lyngby22_CDVAE,pm11,S3Pt4Se5-5fc6cc7a5edb,z,,,S3Se5Pt4,12,1S3Pt4Se5,1,A3B4C5,1S3Pt4Se5,1,0.7883866436814306,0.5919063111919473,1.0498046095457976,0.0048072997781886,False,0.788280390412292,0.7569980391302018,1.7735992836970444,4.002971070238031,2.8091890792502534,5.704057981543629,-0.0005765043080929,True,4.002971070238031,3.764433775910727,2.0304998419921203,76.52957265167448,19.0547653017745,75.93828803439659,4120.809221925406,76.23393034303554,False,0.0001347730456752,0.9998652269543248,True,0.0,1.0,True,True,Pt4Se5S3,Pt4Se5S3,12,Pt4-S3-Se5,2.444451,0.2613484,29.99986043856229,2.7379976487933856e-10,1344.7038488348112,0.1,13447.038488348113,72.73162993743183,3.846589236691393,3.33833596744844e-13,9.740922493008364e-23,0.2187158056653082,0.0925960072836056,0.0163933809242622,2.699786688405582,0.0925960072836051,0.0163933809242626,False
2IRhSe-1,6137,,,,,,,,,7.982072980863101,6.851174225481519,1.130898755381582,6.717520072087201,5.685412839687312,1.0321072323998886,0.4128923267280338,0.410685458083268,0.0022068686447657,-4.198176353497166,,-3.995536110303151,,,0.0,,0.0,,2.714797310644444e-07,-4.64157166045338,,-4.857957649167059,,0.0,0.50806621549355,0.8400750466073001,2.0066772630993,1.930580335309208e-06,0.8867906139124284,0.9835861650352964,,1.8631971854469929,1.0736016261026111,,,1.7248430777278154,,,,,,1.0,-0.4013015856623087,,,0.0,,,,15.0,,-1.285137612397786e-13,11.0,,,,,3.160169738385539,-5.084966967409594,,-5.720379188030966,,Rectangular,Rectangular (op),,Yes,/home/niflheim2/cmr/C2DB-ASR/tree_LDP/ABC/IRhSe/I2Rh2Se2-f933984f5175,P2_1/m,Lyngby22_LDP,p2_1/m11,I2Rh2Se2-a750cff4f399,z,,,Se2Rh2I2,6,2IRhSe,1,ABC,2IRhSe,1,0.50806621549355,0.2985469257028056,0.8646254812983745,3.815113099513387e-05,False,0.5080662154935499,0.4438401010413178,2.896112493079506,0.8400750466073001,0.4412052380013272,1.599541490325948,-3.4825867836439754e-05,False,0.8400750466073001,0.6916351491698484,3.625390980333593,55.679590556806176,14.559113650835116,53.388049135836994,3716.967860527711,54.53381984632159,False,2.1851935648715675e-16,0.9999999999999998,True,0.0,1.0,True,True,RhSeI,Rh2Se2I2,6,I1-Rh1-Se1,2.1916223,0.2692479,25.92578126208124,3.1601697383855387e-10,1770.2891886867542,0.1,17702.89188686754,72.71216069490566,3.820423726353132,2.53578525634092e-13,7.39916170265201e-23,0.1364116122373797,0.0955346788302073,0.0173411007343728,1.7212885001440954,0.0955346788302078,0.0173411007343728,False
1PtTe2-1,4003,,,0.3474546789865768,,,,,,10.758080535490327,10.57463339115318,0.1834471443371502,10.756619187055158,10.574633391153188,0.1819857959019693,0.4287747244335703,0.4281891075669369,0.0005856168666333,-3.981854512906248,-3.654948100338077,-3.910692986737226,,1537197.0,0.0,,0.0,,3.0110356085188273e-11,-4.133141719275248,-4.276197184302038,-4.276527503791442,,0.0274081975270631,0.2104376542578065,0.3884961822101086,3.830406742697917,3.901200781911413e-10,0.3025744127379995,0.7939564785770981,1.8544467554553676,1.1741207751727962,1.0086021833059131,,1.242498167927923,0.5994879239060904,,,,,,1.0,-0.3922364310741286,,,0.0,,,,72.0,,8.463575513476908e-16,164.0,0.0,0.0,,,2.7744284581505383,-4.284428925644248,-4.897446268266,-4.510180910643317,,Hexagonal,Hexagonal (hp),,Yes,/home/niflheim2/cmr/C2DB-ASR/tree/AB2/PtTe2/PtTe2-747f8e0087c0,P-3m1,original03-18,p-3m1,PtTe2-747f8e0087c0,z,,,Te2Pt,3,1PtTe2,1,AB2,1PtTe2,1,0.2104376542578065,0.1693368326363443,0.2615143181792543,0.0001835304023424,False,0.2104376542578064,0.205565222447236,1.544343980620352,0.3884961822101086,0.3879839479124178,0.389009092783138,-7.904726070705235e-05,False,0.3884961822101086,0.3884958440727336,1.0026422352683302,64.61227787556315,17.37923405468084,66.04562786093598,3473.99626834892,65.32895286824956,False,1.31894530536943e-16,1.0,True,0.0,1.0,True,True,Te2Pt,Te2Pt1,3,Pt1-Te2,0.8035855,0.27222478,48.89626559438875,2.7744284581505376e-10,4758.317181517642,104.98071295562936,45.3256321809204,79.22342960844969,12.571184000841754,9.434161391275377e-14,2.752791684091177e-23,0.0250326643686591,0.1043947488242724,0.0238862943255884,0.4069197636253605,0.2024960869771703,0.0238862943255888,True
2CdTe-1,10093,,,,,,,,,6.741653858627013,4.361205620867634,2.38044823775938,6.699360571756298,4.319468801290348,2.379891770465951,0.5161781255190658,0.476958748554534,0.0392193769645317,-4.461986914475721,,-4.18258571210026,,,0.0,,0.0,,-9.817355477540693e-05,-4.778264225828153,,-4.847885501153936,,0.0939433251676971,0.1119114215900996,0.248180354382623,3.428315495039062,-0.0009406599662632,0.632554622704864,0.632554622704864,,1.3305995781073516,0.9424552049838189,,,1.3305995781073516,,,,,,1.0,-0.3712002899873101,,,0.0,,,,72.0,,-1.3884801261965679e-15,164.0,0.0,0.0,,,3.9868015879661542,-5.094541537180585,,-5.513185290207612,,Hexagonal,Hexagonal (hp),,Yes,/home/niflheim2/cmr/C2DB-ASR/tree/AB/CdTe/Cd2Te2-3a9e0525e324,P-3m1,original03-18,p-3m1,Cd2Te2-3a9e0525e324,z,,Trivial,Cd2Te2,4,2CdTe,1,AB,2CdTe,1,0.1119114215900996,0.1118924477991068,0.11193039859851,2.3714482537915628e-06,False,0.1119114215900995,0.1119114199813907,1.0003391721259989,0.248180354382623,0.2468424348646478,0.249525525606074,-4.328041151419181e-05,False,0.248180354382623,0.2481767285828571,1.0108696494705112,37.22732804329239,14.836610601669532,36.97922603705676,2969.8523640164663,37.103277040174575,False,1.2400689411885885e-16,1.0,True,1.1183631228456449e-16,1.0000000000000002,True,True,CdTe,Cd2Te2,4,Cd1-Te1,1.693468,0.25195536,14.680712416274805,3.986801587966155e-10,3864.717029326564,0.1,38647.17029326563,70.93770857243723,1.4356650336228376,1.1615528873310116e-13,3.389292377204756e-23,0.0243508575935673,0.0731360843897608,0.0113142133177359,0.4779022852165671,0.0731360843897608,0.0113142133177355,False
1ISbSe-1,7682,,,0.6445036055111081,,,,,,23.89368511067453,6.005005744476785,17.888679366197746,20.13435666457013,6.005005744476779,14.129350920093351,0.4544253759520888,0.4393912294257669,0.0150341465263218,-4.61253735585778,-4.437369140705041,-4.423699716519952,,,0.0,,0.0,,-0.0025779544042687,-5.118432369281045,-5.434148688877494,-5.143695000047456,,0.0192147487738232,2.1222158892068173,0.7249018414441063,3.322087894044123,-0.0310087375442228,1.0117900268465283,1.261578402965178,2.2074239955146844,1.7893788448272876,1.6417737201802598,,1.993559096344906,1.52915290375479,,,,,,0.0,-0.3124702479929737,,,0.0,,,,69.0,,-8.845294226271094e-15,156.0,0.0,0.0,,,3.576750629465952,-5.624327382704308,-6.430928237049947,-5.952852620274742,,Hexagonal,Hexagonal (hp),,Yes,/home/niflheim2/cmr/C2DB-ASR/tree/ABC/ISbSe/ISbSe-df0019ec24b5,P3m1,janus10-19,p3m1,ISbSe-df0019ec24b5,z,,,SeSbI,3,1ISbSe,1,ABC,1ISbSe,1,2.1222158892068173,0.278088510676316,16.195564029051617,0.0002983465250679,True,2.122215889206817,0.5467883056948659,58.238882252502016,0.7249018414441063,0.5941013380500008,0.8845000778046229,-0.0001790684620462,False,0.7249018414441063,0.7107834120736725,1.4888033760499315,32.897294859411154,9.055155886199652,33.54497941920797,3016.0358224300694,33.22113713930956,False,2.0925732019471487e-16,0.9999999999999998,True,0.0,1.0,True,True,SbSeI,Sb1Se1I1,3,I1-Sb1-Se1,2.0145743,0.2603972,22.097676506935635,3.5767506294659515e-10,1499.2876910269429,0.1,14992.876910269428,72.44964209675187,3.4676142585610714,2.994137316672555e-13,8.736586077471201e-23,0.0663532266597468,0.0798310740676209,0.0134099174128365,1.016188153081519,0.0798310740676209,0.0134099174128365,False
2BrCuHgS-1,1587,,,,,,,,,6.642399225089813,3.371906612847841,3.2704926122419717,7.997813836343896,4.888120789133741,3.109693047210155,0.4891119334725101,0.4453445183860048,0.0437674150865052,-4.67208883505799,,-4.648124793225275,-4.653771795609771,,0.0,0.0,0.0,0.0,4.5559154422596576e-11,-5.059806278920615,,-5.698379080344791,-5.198866430066088,0.0390255621047289,0.2810677844291763,0.6836689818970535,1.615973800682844,2.911677519631031e-10,0.7754348877252495,0.7754348877252495,,2.1005085742390315,0.7850979295887353,1.0978618444317965,,2.1005085742390315,1.090189268912637,,,,,0.0,-0.303533483399848,,,0.0,0.0,,,28.0,0.0,-1.4072939426885433e-12,26.0,,,,,4.578583511617662,-5.44752372278324,,-6.748633367464307,-5.743961064522408,Rectangular,Rectangular (op),,Yes,/home/niflheim2/cmr/C2DB-ASR/tree_LDP/ABCD/BrCuHgS/Br2Cu2Hg2S2-fa582200e8fb,Pmc2_1,Lyngby22_LDP,pm2_1b,Br2Cu2Hg2S2-e2a85443c441,z,z,,S2Cu2Br2Hg2,8,2BrCuHgS,1,ABCD,2BrCuHgS,1,0.2810677844291763,0.18209072895741,0.4338447097018508,0.0005579778159748,False,0.2810677844291763,0.2565174675316213,2.382574402254849,0.6836689818970535,0.5101208724651851,0.9004659763762757,-0.0029282770103642,True,0.6777510527430264,0.6512842365878424,1.7652012003051902,48.25103823696024,9.333755285364749,37.55949326543197,3307.1811780900766,42.9052657511961,False,1.9750093858674e-16,1.0000000000000002,True,0.0086561322960798,0.99134386770392,True,True,CuHgSBr,Cu2Hg2S2Br2,8,Br1-Cu1-Hg1-S1,2.5536337,0.27345413,12.335226861613991,4.5785835116176623e-10,2469.41820523315,0.1,24694.182052331496,70.82280541984639,1.281241993128558,1.8178667406834659e-13,5.304348991916995e-23,0.1424551430219423,0.0745277893504634,0.0074892916419893,1.6692581879014263,0.074527789350463,0.0074892916419893,False
4PSeSi-1,7074,,,,,,,,,4.437237184084521,3.2143939351948703,1.2228432488896503,5.046478577465835,3.4991848768845344,1.5472937005813003,0.38367527133709,0.3804637283034801,0.0032115430336099,-3.6219979843427046,,-3.281036055726969,,,0.0,,0.0,,0.0001544157942665,-4.617849691830502,,-4.695662215120319,,0.0125274199456866,0.3976260224479105,1.52289495845038,1.7291348015293122,0.0005946510844018,1.9917034149755937,2.1399671529459834,,2.9717819112363117,2.1568268915523108,,,2.8292523187867,,,,,,0.0,-0.2769228987339218,,,0.0,,,,20.0,,-3.0051013484449418e-15,17.0,,,,,3.442486656355772,-5.613701399318298,,-6.110288374513669,,Rectangular,Rectangular (op),,Yes,/home/niflheim2/cmr/C2DB-ASR/tree_LDP/ABC/PSeSi/P4Se4Si4-8948b888633e,P222_1,Lyngby22_LDP,p2_122,P4Se4Si4-a98aaeb81717,z,,,Si4P4Se4,12,4PSeSi,1,ABC,4PSeSi,1,0.3976260224479105,0.3061787330892375,0.5361330578397917,0.0017372253615758,False,0.4051574267079974,0.3897666925345874,1.7510460391236016,1.52289495845038,1.1635389047678164,1.943199877832426,-0.0018367060556739,False,1.5036584245094016,1.4555383093429692,1.6700772701882198,46.64198615664247,25.456000736019767,47.77323240130429,4889.260640806425,47.20760927897338,False,0.0189409239710249,1.018940923971025,True,0.0126315566508621,0.987368443349138,True,True,SiPSe,Si4P4Se4,12,P1-Se1-Si1,3.7103088,0.2736018,13.253543429941484,3.4424866563557717e-10,1984.7674112237896,0.1,19847.6741122379,70.33130424304366,0.6206934840839937,2.2617628638731415e-13,6.599592422506281e-23,0.0154856019262914,0.0959693307480118,0.0041336020699311,0.404013415614485,0.0959693307480114,0.004133602069932,False
2AsSiSe3-1,5290,,,,,,,,,3.667929021397441,2.840099757113569,0.8278292642838716,4.405704313282678,3.266800974150963,1.1389033391317147,0.4038352893497644,0.3884882791727154,0.015347010177049,-3.58560150387751,,-3.288478278436738,,,0.0,,0.0,,1.139624372812739e-05,-4.48039173427069,,-4.557671920904086,,0.0333410728691079,3.5348062800908395,1.197770372664937,2.9869178846978297,4.60144302066116e-05,1.7895804607863586,1.8628599335524276,,2.66528924571199,1.8710768125522603,,,2.538387284934696,,,,,,1.0,-0.2758573301252589,,,0.0,,,,2.0,,-3.145191014054509e-15,2.0,,,,,3.702506072249748,-5.375181964663868,,-5.826865563371435,,Oblique,Oblique (mp),,Yes,/home/niflheim2/cmr/C2DB-ASR/tree_LDP/ABC3/AsSiSe3/As2Si2Se6-752c2640f4e4,P-1,Lyngby22_LDP,p-1,As2Si2Se6-fffbadebbf26,z,,,Si2As2Se6,10,2AsSiSe3,1,ABC3,2AsSiSe3,1,3.5348062800908395,0.9958717478496792,12.546651177472366,0.000563052704114,False,3.53480628009084,1.845277354399976,12.598661629435249,1.197770372664937,0.5523731177665273,2.5972550428138144,-0.0012579659760349,False,1.197770372664937,0.9109988814486322,4.701993922723085,21.04815069269505,4.162632800429663,25.630437123425743,2890.6399392695625,23.339293908060395,False,1.2563325247873274e-16,1.0000000000000002,True,0.0,1.0,True,True,SiAsSe3,Si2As2Se6,10,As1-Se3-Si1,3.34587,0.25976434,11.363464150585552,3.7025060722497476e-10,868.5631715799553,0.1,8685.631715799553,70.2129164485979,0.4615872910552498,5.168390015853166e-13,1.5080832800823098e-22,0.1490103815665078,0.0685417165183164,0.0021079724124559,2.3288786836863475,0.0685417165183164,0.0021079724124559,False
2PdTe2-1,3689,,,,,,,,,5.769595987480401,4.934330517652103,0.8352654698282986,6.713149197240489,5.911212846941079,0.80193635029941,0.3039525228639047,0.3005202157732439,0.0034323070906607,-3.912170587318878,,-3.8752735777005336,,,0.0,,0.0,,-3.668143285651327e-09,-4.518120365731987,,-4.744246482471437,,0.0925642605780462,1.1109590504625877,2.469051325256625,2.763411824155233,-1.681931365265879e-08,1.2118995568262174,1.252960470833801,,1.8574763051772571,1.2764394468653386,,,1.7430097553511747,,,,,,1.0,-0.256569140444783,,,0.0,,,,17.0,,-8.168271815384602e-15,14.0,0.0,0.0,,,1.683599777367596,-5.124070144145096,,-5.618283333051709,,Rectangular,Rectangular (op),,Yes,/home/niflheim2/cmr/C2DB-ASR/tree/AB2/PdTe2/Pd2Te4-7af34a9daaff,P2_1/c,original03-18,p2_1/b11,Pd2Te4-7af34a9daaff,z,,,Pd2Te4,6,2PdTe2,1,AB2,2PdTe2,1,1.1109590504625877,0.2624018984835747,4.798818798310606,0.0026307035561419,False,1.1221493497549109,0.4975950422209289,18.28804908060142,2.469051325256625,0.5170025682542179,11.791458729763796,-0.000306772510944,False,2.469051325256625,0.9905729561392294,22.80735039591865,23.944066336348957,1.2273694212473925,51.63470351256251,2805.00106617933,37.78938492445573,False,0.0100726478511191,1.0100726478511193,True,0.0,1.0,True,True,Te2Pd,Te4Pd2,6,Pd1-Te2,2.320379,0.25870314,41.475509460650336,1.6835997773675962e-10,1617.6246372686803,0.1,16176.246372686805,71.69185235730366,2.4491896724431537,2.775101912215736e-13,8.097463197436639e-23,0.4034619384548668,0.0974959771699484,0.0113365318295985,3.881614789104799,0.0974959771699488,0.0113365318295981,False
1CoNaAs2Se6-1,435,,,,,,,,,12.284513047402406,7.884191958294071,4.400321089108334,12.275748682107023,7.880822722956697,4.394925959150326,0.4503952715668909,0.4152345812798275,0.0351606902870633,-4.929016141598545,,-4.804156907891342,,,0.0,,0.0,,-2.1991640290798887e-06,-5.100616905665605,,-5.451752588399369,,0.0932800966208574,0.7914968513658209,0.3108242050482215,1.9410038708483863,-1.0830426159666082e-05,0.3432015281341201,0.4413983273611297,,1.746668096789688,0.5477393501713679,,,1.2951913610160526,,,,,,0.0,-0.2542752552199047,,,0.0,,,,67.0,,7.155113757483255e-16,149.0,,,,,3.402594829876099,-5.272217669732665,,-6.099348268907395,,Hexagonal,Hexagonal (hp),,Yes,/home/niflheim2/cmr/C2DB-ASR/tree_LDP/ABC2D6/CoNaAs2Se6/CoNaAs2Se6-664ab372d3f2,P312,Lyngby22_LDP,p312,CoNaAs2Se6-3f3e7c66e79f,z,,,NaCoAs2Se6,10,1CoNaAs2Se6,1,ABC2D6,1CoNaAs2Se6,1,0.7914968513658209,0.788411006495565,0.7945947742493021,0.0003387256298641,False,0.7914968513658209,0.7914908124052848,1.0078433300686955,0.3108242050482215,0.2980489919817415,0.3169919294301205,-0.0036000445751599,False,0.3073745679671543,0.3072287444422802,1.0635564553412058,45.55895031376501,19.132024900036367,45.64597815895092,3779.8303422369577,45.60246423635796,False,0.0,1.0,True,0.011098354069729,0.988901645930271,True,True,NaCo(AsSe3)2,Na1Co1As2Se6,10,As2-Co1-Na1-Se6,1.5569456,0.26662698,30.1114615654407,3.4025948298760993e-10,1283.5418960378042,0.1,12835.41896037804,74.87230477477065,6.723529595922526,3.497410749106848e-13,1.0205086415943634e-22,0.2544187211159738,0.0873230404865998,0.0211244827034349,3.093659821427136,0.0873230404866003,0.021124482703434,False
2AuCl-1,10130,,,,,,,,,2.0028994464215595,1.680343535173756,0.3225559112478036,2.002870216993331,1.68034352474507,0.3225266922482608,0.327819846779828,0.3196111288396224,0.0082087179402056,-3.512917021611764,,-3.045645525201514,,,0.0,,0.0,,-3.3628336175436713e-10,-4.57206706078291,,-4.626260656553148,,0.0,3.0360634912654034,0.6461025775178575,1.4065284666337043,-3.192619202432149e-09,2.1183000783422936,2.1780664206844897,,3.202555943173331,2.2339796520305444,,,3.1612302627032687,,,,,,1.0,-0.2368082045545381,,,0.0,,,,48.0,,8.795535193385989e-16,67.0,,,,,3.592990885054748,-5.631217099954057,,-6.206875787904783,,Centered,Centered rectangular (oc),,Yes,/home/niflheim2/cmr/C2DB-ASR/tree_LDP/AB/AuCl/Au2Cl2-cba1221d8eea,Cmme,Lyngby22_LDP,cmme,Au2Cl2-4d2e02ec9a0b,z,,,Cl2Au2,4,2AuCl,1,AB,2AuCl,1,3.0360634912654034,3.0069109522770097,3.065498669328568,0.0012495307999172,False,3.0360634912654034,3.035922178305707,1.019484353870603,0.6461025775178575,0.2760835056829572,1.5120372354102154,-0.0019152452371223,False,0.6461025775178575,0.4669131463907865,5.476738755797226,7.177462230881424,3.436504631697977,7.1829557075410495,1331.2889627289182,7.180208969211237,False,0.0,1.0,True,0.0,1.0,True,True,AuCl,Au2Cl2,4,Au1-Cl1,4.104271,0.25968993,6.876947710817468,3.5929908850547475e-10,694.3402204333582,0.1,6943.402204333582,69.90480531744825,0.0475041557413664,6.465235761986879e-13,1.8864895885441685e-22,0.0306250988080627,0.0904865388968101,0.0003452804953512,0.7279235031060356,0.0904865388968101,0.0003452804953512,False
4AsGeS-1,7115,,,,,,,,,4.786918480647968,3.302736687104804,1.4841817935431638,5.927036278353237,3.428979138133272,2.4980571402199643,0.3815073475428642,0.3760959950864186,0.0054113524564456,-3.898886071232691,,-3.597108514820797,,,0.0,,0.0,,-0.0002785142473318,-4.919520052328586,,-5.019334755359946,,0.0,1.212682027356743,1.2793592660257147,1.6441941505469146,-0.0009863837204167,2.041267962191791,2.0852132601356828,,2.9071307125894994,2.109286628961591,,,2.844452481078299,,,,,,0.0,-0.2240643569459918,,,0.0,,,,20.0,,-3.5499165822623936e-15,17.0,,,,,3.0754051906527007,-5.940154033424482,,-6.441560995899096,,Rectangular,Rectangular (op),,Yes,/home/niflheim2/cmr/C2DB-ASR/tree_LDP/ABC/AsGeS/As4Ge4S4-cf3ad39c667a,P222_1,Lyngby22_LDP,p2_122,As4Ge4S4-210b8892b762,z,,,S4Ge4As4,12,4AsGeS,1,ABC,4AsGeS,1,1.212682027356743,0.8446610009189609,1.7407605496166614,0.0027647769665603,False,1.2125809450092186,1.1374180337398647,2.060898452423844,1.2793592660257147,0.7951024771291296,2.0585524239286648,-0.0002338975387281,False,1.2793592660257147,1.1471324938128575,2.5890403855380555,34.60267870708994,19.10546006316054,36.83833627456458,3849.592190781737,35.72050749082726,False,8.335437092655586e-05,0.9999166456290736,True,0.0,1.0,True,True,GeAsS,Ge4As4S4,12,As1-Ge1-S1,3.7435787,0.26915208,14.753185464406226,3.075405190652701e-10,1121.0646295960262,0.1,11210.64629596026,70.32218229357676,0.6084341235690445,4.0042947619792726e-13,1.1684122058395518e-22,0.1690683671426032,0.0795817440731072,0.0031121581005599,2.368487265571988,0.0795817440731063,0.0031121581005599,False
2RuTe2-1,2998,,,,,,,,,12.333448186617396,10.250462111221175,2.082986075396221,13.86638466522628,10.59761194508642,3.2687727201398604,0.461403093145817,0.4580561292399469,0.0033469639058701,-4.033394463233589,,-3.9145674706760047,,,0.0,,0.0,,2.538528536463362e-10,-4.354270812093998,,-4.472575105695313,,0.1174795925069981,1.0290994653398942,3.800394025138002,4.355971888305357,1.959893527397805e-09,0.6417526977208197,0.68627559500102,,1.141576957955683,0.8252498884522863,,,1.0714100934225907,,,,,,1.0,-0.2186202483157053,,,0.0,,,,15.0,,-5.808977793580455e-12,11.0,0.0,0.0,,,3.616223034261724,-4.675147160954408,,-4.985977564098596,,Rectangular,Rectangular (op),,Yes,/home/niflheim2/cmr/C2DB-ASR/tree/AB2/RuTe2/Ru2Te4-76c40a7e8f78,P2_1/m,original03-18,p2_1/m11,Ru2Te4-76c40a7e8f78,z,,Trivial,Ru2Te4,6,2RuTe2,1,AB2,2RuTe2,1,1.0290994653398942,0.6720006272418851,1.5759594063320044,0.0001367119198258,False,1.0290994653398942,0.9422282369310152,2.345175499017416,3.800394025138002,2.6251599480593986,5.501758000300646,-0.0006799714813375,True,3.800394025138002,3.5543596817583523,2.095780108319769,77.57495562142287,20.7564730748892,79.29944010990053,3920.010348615588,78.4371978656617,False,0.0,1.0,True,0.0,1.0,True,True,Te2Ru,Te4Ru2,6,Ru1-Te2,1.4075822,0.26179358,37.22351590388748,3.616223034261724e-10,1112.0212854221936,0.1,11120.212854221936,79.07332849178385,12.369456978610552,4.0368590808288934e-13,1.1779141406071964e-22,0.0548374544825009,0.0793786262714766,0.0392792701232576,0.7972153340204122,0.0793786262714766,0.0392792701232576,False
2OsSe2-1,3255,,,,,,,,,8.081937831726098,6.993852858252186,1.0880849734739109,7.179856853457103,6.536963348002748,0.6428935054543553,0.3963043403204361,0.3949206513363084,0.0013836889841276,-4.240529985985302,,-4.07102667957605,,,0.0,,0.0,,-3.5459164731472825e-10,-4.52416766819364,,-4.756422491936834,,0.0,1.343158207306118,0.7057033477432506,4.272362314147884,-3.0371796931995517e-09,0.5672753644166775,0.9173495508793734,,1.699776343169017,1.1004165247789233,,,1.389307349052195,,,,,,1.0,-0.1733347387797259,,,0.0,,,,15.0,,-7.857631826373329e-13,11.0,0.0,0.0,,,3.331497413500548,-4.80780535040198,,-5.460334028628245,,Rectangular,Rectangular (op),,Yes,/home/niflheim2/cmr/C2DB-ASR/tree/AB2/OsSe2/Os2Se4-a27442d3eef5,P2_1/m,original03-18,p2_1/m11,Os2Se4-a27442d3eef5,z,,,Se4Os2,6,2OsSe2,1,AB2,2OsSe2,1,1.343158207306118,0.5741674833613265,3.142069208260044,0.0006059653363695,False,1.343158207306118,0.970914459738935,5.472391417684522,0.7057033477432506,0.573345235350487,0.8686166454520066,-0.0006784547754396,False,0.7057033477432505,0.6907494874120669,1.514997582426964,108.80873428948894,26.59873855519887,103.2665513157362,4458.669197716437,106.03764280261257,False,0.0,1.0,True,1.5732149042164932e-16,1.0,True,True,OsSe2,Os2Se4,6,Os1-Se2,1.7369405,0.26789787,26.51904294950593,3.3314974135005483e-10,1159.8902701402233,0.1,11598.902701402232,73.3338520931139,4.655940192139978,3.8702568162666803e-13,1.129301305887012e-22,0.2721684216004716,0.090866311171875,0.0169755671380906,3.32826531449399,0.090866311171875,0.0169755671380897,False
2CuI-1,9976,,,,,,,,,4.968983760786662,2.6008857960340293,2.368097964752633,4.961333228721562,2.593968201552076,2.3673650271694866,0.4866603921164446,0.4616229105294049,0.0250374815870396,-2.752691092519617,,-2.433731201829401,-2.6637833127534387,,0.0,0.0,0.0,0.0,0.0004222665927594,-3.6461364828289726,,-4.113255932536427,-3.7440143175702287,0.0,0.3517262407562002,0.4922919482278876,3.465906451000804,0.0050569778000118,1.786890780618711,1.786890780618711,,3.359049485087538,2.0427943152425403,2.1604620096335805,,3.359049485087538,2.1604620096335805,,,,,1.0,-0.1661058651014735,84217.0,,0.0,0.0,,,72.0,0.0,-1.5852959247983142e-15,164.0,0.0,0.0,,,3.85580293064,-4.539581873138328,,-5.79278068691694,-4.82424532238702,Hexagonal,Hexagonal (hp),,Yes,/home/niflheim2/cmr/C2DB-ASR/tree/AB/CuI/Cu2I2-ac7333c6ab94,P-3m1,original03-18,p-3m1,Cu2I2-ac7333c6ab94,z,z,,Cu2I2,4,2CuI,1,AB,2CuI,1,0.3517262407562002,0.3516600429208824,0.3517924510528524,2.7451266136715964e-06,False,0.3517262407562002,0.351726234525533,1.0003765231070048,0.4922919482278876,0.492042339844103,0.4925416832356235,-1.0666419830164092e-05,False,0.4922919482278876,0.4922918849159202,1.0010148382589974,38.09816325571954,16.08953545144506,38.21177769998915,3016.825013032013,38.15497047785435,False,0.0,1.0,True,1.1276063204178405e-16,1.0000000000000002,True,True,CuI,Cu2I2,4,Cu1-I1,4.218061,0.27536312,9.465222652123046,3.8558029306400006e-10,2113.9951478755247,0.1,21139.951478755247,70.0676985767652,0.2664230610330478,2.1235021417352489e-13,6.196161793802377e-23,0.0342609019618982,0.1128702280679658,0.0017605960594035,0.5512499950045799,0.1128702280679672,0.0017605960594035,False
1IOsPtBr5-1,15402,,,,,,,,,7.887607424430309,7.1741911531672455,0.7134162712630635,8.395465475878757,7.5352119251413745,0.8602535507373816,0.372019783989726,0.3535385938325086,0.0184811901572173,-4.801998049160723,,-4.881200537780519,,,0.0,,0.0,,-0.0500315284732095,-4.961605834203576,,-5.307099224595083,,0.0,2.3159104634954164,4.998403404466085,3.039273372912451,-0.2367887345410977,0.319215570085706,0.3401743319701533,,0.8997984810051325,0.5194729185539053,,,0.8517973736291278,,,,,,0.0,-0.1599318281306549,,,0.0,,,,1.0,,-5.610983136223941e-15,1.0,,,,,2.933598397970055,-5.121213619246429,,-5.732997911409647,,Oblique,Oblique (mp),,Yes,/home/niflheim2/cmr/C2DB-ASR/tree_CDVAE/ABCD5/IOsPtBr5/IOsPtBr5-c2dd615b74c2,P1,Lyngby22_CDVAE,p1,IOsPtBr5-bd1be302c215,z,,,Br5IOsPt,8,1IOsPtBr5,1,ABCD5,1IOsPtBr5,1,2.3159104634954164,1.515938785514357,3.538032885086284,0.0009071641937922,False,2.315910463495417,2.1224659038463254,2.333889019064733,4.998403404466085,3.138723793606425,7.959934749489776,-0.0003484859300691,False,4.998403404466086,4.502172311503214,2.5360418032654386,34.031084025601665,13.766591817866626,35.07969355545028,2931.5709108156884,34.55538879052597,False,1.9175577676686007e-16,1.0000000000000002,True,1.7769242452630692e-16,1.0000000000000002,True,True,OsPtIBr5,Os1Pt1I1Br5,8,Br5-I1-Os1-Pt1,1.0756856,0.26416755,32.5046208652703,2.9335983979700545e-10,944.2881897551898,1.914532090179237,493.221395765054,74.07013050193639,5.645454822304536,4.753922873159527e-13,1.387146012166668e-22,0.0751934008074131,0.0770012535481514,0.0106716075033412,1.163599911844119,0.1607664690601939,0.0106716075033412,True
1MoW3Te8-1,14216,,,,,,,,,9.76323343017377,9.033096952785572,0.7301364773881976,9.714237230001066,8.978567098350318,0.7356701316507477,0.4701060832335557,0.4671882528621472,0.0029178303714085,-3.706806525795353,,-3.359074574216939,,,0.0,,0.0,,-3.734274199723476e-05,-4.108991675941607,,-3.983739531907575,,0.0181521338536396,0.4257138937903054,0.3557890822824314,4.811501809734475,-0.0001547913537988,0.804370300292508,0.80437030029251,,1.219551685297682,1.0772507730165577,,,1.219551685297682,,,,,,0.0,-0.1588040820541714,,,0.0,,,,27.0,,-7.863422204659028e-15,25.0,0.0,0.0,,,3.6216253413706703,-4.511176826087862,,-4.578626259514621,,Rectangular,Rectangular (op),,Yes,/home/niflheim2/cmr/C2DB-ASR/tree/AB3C8/MoW3Te8/MoW3Te8-5c3fe56a1a89,Pmm2,original03-18,pm2m,MoW3Te8-5c3fe56a1a89,z,,,MoTe8W3,12,1MoW3Te8,1,AB3C8,1MoW3Te8,1,0.4257138937903054,0.4248924124342769,0.4265369633874947,7.825934132081204e-06,False,0.4257138937903054,0.4257130996712064,1.0038705114638218,0.3557890822824314,0.3547493425260888,0.3568318694264116,-1.5348728812718268e-05,False,0.3557890822824313,0.3557875585951378,1.005870417928032,87.49696042323477,16.012070504444132,87.61796038698475,3713.208625332047,87.55746040510977,False,0.0,1.0,True,1.5602263811791767e-16,1.0,True,True,Te8MoW3,Te8Mo1W3,12,Mo1-Te8-W3,1.626457,0.270481,32.24857274196128,3.6216253413706703e-10,1734.8723127512055,0.1,17348.723127512054,76.64211732447211,9.102052977287444,2.587552519650689e-13,7.550213275798807e-23,0.0708236822718704,0.090933568931427,0.037445809179248,0.868740713627091,0.090933568931427,0.0374458091792471,False
2PdTeS3-1,5177,,,,,,,,,56.59052556121291,9.06702489273004,47.52350066848287,9.159839462154006,8.198818402141772,0.9610210600122336,0.5509519657665852,0.5328152697010836,0.0181366960655015,-3.8252149841530616,,-3.673887965534048,,,0.0,,0.0,,2.3199204714860663e-05,-4.328315248677844,,-4.5827612726005285,,0.0564284188661851,0.6332556793721607,0.8385574340521241,2.308028543637848,0.0001438497762266,1.0062005290495644,1.0077985875912503,,1.8389234346621075,1.0903111898250806,,,1.8177466141329617,,,,,,1.0,-0.1372592219068451,,,0.0,,,,15.0,,-1.714250133353082e-15,11.0,,,,,5.308822452429551,-4.831415513202626,,-5.49163457966701,,Rectangular,Rectangular (op),,Yes,/home/niflheim2/cmr/C2DB-ASR/tree_LDP/ABC3/PdTeS3/Pd2Te2S6-a37173cbe16f,P2_1/m,Lyngby22_LDP,p2_1/m11,Pd2Te2S6-36be3978847b,z,,,S6Pd2Te2,10,2PdTeS3,1,ABC3,2PdTeS3,1,0.6332556793721607,0.3604496821680426,1.11253463464047,0.0007987379639258,False,0.6332556793721607,0.544490190263483,3.0865185618940387,0.8385574340521241,0.3106800289078165,2.263352983054879,-0.0002442585109201,False,0.8385574340521241,0.5463632882220962,7.285157629898543,45.4278427705821,10.178179367925814,26.06008908998396,3476.9285229545453,35.74396593028303,False,0.0,1.0,True,0.0,1.0,True,True,TePdS3,Te2Pd2S6,10,Pd1-S3-Te1,2.3176289,0.2648273,21.434756271940586,5.308822452429552e-10,1514.7554926919947,0.1,15147.554926919947,76.25665296255065,8.584011675304486,2.9635629286636254e-13,8.647373144210389e-23,0.0733156909823562,0.0822771811720928,0.0289194198152569,0.9804581152006256,0.0822771811720937,0.0289194198152573,False
2AuBrTe2-1,1330,,,,,,,,25.713741429734437,5.735419583301214,3.058269100187831,2.6771504831133828,7.993901259954079,3.9116754256967927,4.082225834257286,0.4088779415375558,0.3521881717717063,0.0566897697658494,-4.484836965826002,,-4.322379556764013,,,0.0,,0.0,,0.0015650775248794,-4.991512548450725,,-5.129854009695943,,0.0853735333443069,1.8314454977909904,1.1533263355244634,2.6286291018062684,0.0056691299346141,1.0133511652494471,1.0636429671983698,,1.816275700489833,1.231773298139364,,,1.6212554024368824,,,,,,0.0,-0.110298310996121,,1.0,0.0,,,,9.0,,-2.1061433445728402e-15,4.0,,,,,3.248834770069296,-5.498188131075449,,-5.943634959200896,,Rectangular,Rectangular (op),,Yes,/home/niflheim2/cmr/C2DB-ASR/tree/ABC2/AuBrTe2/Au2Br2Te4-5e64ed168c9e,P2_1,original03-18,p2_111,Au2Br2Te4-5e64ed168c9e,z,,,Br2Te4Au2,8,2AuBrTe2,1,ABC2,2AuBrTe2,1,1.8314454977909904,1.6941855839145543,1.9592199351865112,0.001772378627121,True,1.821889724958949,1.8170893718514536,1.156437614502405,1.1533263355244634,0.9246760587899354,1.4385163577772142,-0.0004269542557652,False,1.1533263355244634,1.125732823860804,1.5556976349746838,7.998510236209494,0.9626422792016106,13.524650390321645,1503.7337348939006,10.761580313265569,False,0.0052176124506938,0.994782387549306,True,0.0,1.0,True,True,Te2AuBr,Te4Au2Br2,8,Au1-Br1-Te2,2.1312487,0.27031776,14.47974154929429,3.248834770069296e-10,888.1079507422226,0.1,8881.079507422224,70.38433434675284,0.6919628067078796,5.054648165664913e-13,1.4748945729629976e-22,0.052742984700548,0.0833556433042361,0.0029116332153025,0.9130276160805204,0.0833556433042361,0.0029116332153025,False
1AsIS-1,7462,,,0.4661338726322467,,,,,,32.10247780980217,6.913867720124239,25.18861008967793,31.31507248859833,6.913867720124279,24.40120476847405,0.4226586482481055,0.4105844221957115,0.012074226052394,-4.440250152558825,-4.257655005060684,-4.239629737034787,,,0.0,,0.0,,-0.0375309521069565,-5.108485967448287,-5.435634183881186,-5.194838938207029,,0.078905101264788,1.7612221458363193,0.2581679622743106,3.314697107294208,-0.5307895692520577,1.336471629778924,1.3660682509129376,2.357678235396638,2.0481120616119965,1.795969230204135,,2.355958357641004,1.9500066154135132,,,,,,0.0,-0.1075719069971701,,,0.0,,,,69.0,,-2.4049217576788e-15,156.0,0.0,0.0,,,3.2403094086996287,-5.776721782337749,-6.613613362701688,-6.1896363524483,,Hexagonal,Hexagonal (hp),,Yes,/home/niflheim2/cmr/C2DB-ASR/tree/ABC/AsIS/AsIS-b13beafa16aa,P3m1,janus10-19,p3m1,AsIS-b13beafa16aa,z,,,SAsI,3,1AsIS,1,ABC,1AsIS,1,1.7612221458363193,0.2857722447808378,10.854460164118375,0.0001757798126273,True,1.7612221458363193,0.5568830762464846,37.98290548630009,0.2581679622743106,0.2579090289148545,0.2584266163440366,-0.0018658334038611,False,0.258167692918851,0.2581675632083217,1.002006860447499,43.33621626229372,21.385478750531902,43.09500084843812,3778.4458900163168,43.21560855536592,False,0.0,1.0,True,1.0433341812632555e-06,0.9999989566658188,True,True,AsSI,As1S1I1,3,As1-I1-S1,2.573786,0.25800362,27.812940738459517,3.240309408699629e-10,1476.687663635661,0.1,14766.87663635661,73.51481269950622,4.899140543206948,3.039961215006924e-13,8.870295520245996e-23,1.127331759017443,0.0874930025985181,0.0176078743800034,2.4762717572262374,0.0874930025985181,0.0176078743800038,False
2AuS-1,9190,,,1.0389301525372092,,,,,,3.947442292480965,3.451518054926268,0.4959242375546973,2.535266992365227,2.500333270879265,0.0349337214859619,0.2784076824788481,0.2761912448595118,0.0022164376193362,-4.76364532670862,,-4.528544148960014,,,0.0,,0.0,,2.82351324848486e-05,-5.371814940765345,,-5.547556819379,,0.0,1.038500868826198,0.9610033854897564,2.4375581410029312,0.0002295139818969,1.2163392281134509,1.6053610526971314,,2.372810998013692,1.6910756354391023,,,2.010075119298491,,,,,,1.0,-0.0910749512669402,,,0.0,,,,14.0,,1.1833239223367352e-12,10.0,0.0,0.0,,,2.314396540417924,-5.979984554822071,,-6.538619268258505,,Rectangular,Rectangular (op),,Yes,/home/niflheim2/cmr/C2DB-ASR/tree/AB/AuS/Au2S2-8074370a0af2,P2/m,original03-18,p2/m11,Au2S2-8074370a0af2,z,,,S2Au2,4,2AuS,1,AB,2AuS,1,1.038500868826198,0.4669808567276304,2.309476119955903,0.0015740458815649,False,1.0384994641736756,0.7768758141372336,4.9455477385937465,0.9610033854897564,0.2439957331467291,3.7850148813345057,-0.0017664033245626,False,0.9610033719724884,0.458438842341647,15.512627341964013,39.95968683068628,5.182598913864706,13.14437211531306,3419.792318359044,26.55202947299967,False,1.3525771279385673e-06,0.999998647422872,True,1.4065786006278206e-08,0.999999985934214,True,True,AuS,Au2S2,4,Au1-S1,2.5965106,0.25641766,17.158244340473196,2.314396540417924e-10,1348.4293382503065,0.1,13484.29338250306,70.14547162741663,0.3709454407877064,3.32911269192387e-13,9.714009919530876e-23,8.101495906309708e-05,0.0906377077625086,0.0018052205323284,0.3452791174135665,0.0906377077625082,0.0018052205323284,False
2NiTe2-1,2773,,,,,,,,,7.9438815713483715,6.589400961527242,1.3544806098211293,8.609858774846964,7.576191327903501,1.0336674469434637,0.3021387540633017,0.2988260335268061,0.0033127205364955,-4.022398459002145,,-4.152271066933688,-3.9581951440569663,,0.0,0.0,0.0,0.0,4.354057564940302e-08,-4.482797459404644,,-5.064392020904341,-4.551027240452604,0.1758266304344129,0.5425430508646677,1.1113647755815397,2.730961146885912,2.1278313275133877e-07,0.9207980008049976,0.9897472085335124,,1.7029218107151665,0.9997587145183144,1.258951100337588,,1.7029218107151665,1.185664192791275,,,,,1.0,-0.0646866041520208,,,0.0,0.0,,,17.0,0.0,-3.552534405130434e-15,14.0,0.0,0.0,,,1.559851418157562,-4.943196459807142,,-5.855192877648854,-5.143859336848241,Rectangular,Rectangular (op),,Yes,/home/niflheim2/cmr/C2DB-ASR/tree/AB2/NiTe2/Ni2Te4-5257d747113d,P2_1/c,original03-18,p2_1/b11,Ni2Te4-5257d747113d,z,z,,Ni2Te4,6,2NiTe2,1,AB2,2NiTe2,1,0.5425430508646677,0.2623839322136077,1.1218406537253438,0.0074576742799406,False,0.5425430508646664,0.425296537905189,4.275569179335453,1.1113647755815397,0.6424920793212735,1.9224076127260508,-5.244657969658492e-05,False,1.1113647755815397,0.9631032887820368,2.9921109918691537,22.91339378254406,-1.472166244357786,62.6293935794544,2852.813547379966,42.771393680999225,False,2.455597998033357e-15,0.9999999999999976,True,0.0,1.0,True,True,NiTe2,Ni2Te4,6,Ni1-Te2,2.1709023,0.27223715,58.05994834147544,1.5598514181575622e-10,1774.7332295973952,0.1,17747.33229597395,73.5605168733534,4.96056424942928,2.5294354944545457e-13,7.380633747710585e-23,0.2098056950394533,0.1007535386941254,0.0242650894810672,2.67098592705917,0.1007535386941258,0.0242650894810676,False
1SAs2Te2-1,2337,,,,,,,,,136.2608461359354,25.187784211547257,111.07306192438814,134.45761012581622,25.17441201392844,109.28319811188778,0.7312448859860714,0.7013913474734857,0.0298535385125856,-4.228639420406993,,-4.02453891011888,,,0.0,,0.0,,1.8949330363257057e-08,-4.583339491917774,,-4.598931570518974,,0.0200258059204902,0.1152055862462853,0.3216222887579669,4.658137175311862,2.5697480151703495e-07,0.7094001430215612,0.962298731982104,,1.4808887335820002,1.0740302742605734,,,1.148785320800186,,,,,,1.0,-0.046394909343418,,,0.0,,,,72.0,,-3.7298300275749375e-15,164.0,,,,,6.43057312191249,-4.938039563428554,,-5.173324230919067,,Hexagonal,Hexagonal (hp),,Yes,/home/niflheim2/cmr/C2DB-ASR/tree_LDP/AB2C2/SAs2Te2/SAs2Te2-bb76bca6c898,P-3m1,Lyngby22_LDP,p-3m1,SAs2Te2-14ca7189e896,z,,,SAs2Te2,5,1SAs2Te2,1,AB2C2,1SAs2Te2,1,0.1152055862462853,0.1140043764602306,0.11641945260742,1.843018715820992e-05,False,0.1152055862462853,0.1151992583063415,1.0211840652278112,0.3216222887579669,0.090462231934031,1.143470533662564,-0.0006074324691605,True,0.321622288757967,0.167660507136141,12.640308659379883,90.43401224490914,15.685588051397083,91.0726441335235,4077.3863107466095,90.75332818921632,False,0.0,1.0,True,1.7259733908874732e-16,1.0000000000000002,True,True,Te2As2S,Te2As2S1,5,As2-S1-Te2,1.5301791,0.25965446,50.20790190269922,6.43057312191249e-10,1686.9486193210785,0.1,16869.486193210785,110.1903263740124,54.18886154394017,2.6610610262322346e-13,7.764703570415534e-23,0.7298667699199752,0.0505983846634818,0.1926180060854805,2.914998493290561,0.0505983846634823,0.1926180060854809,False
2GeTe-1,9673,,,0.4640060574467852,,,,,314.24314319702233,30.24775000532489,15.567999031676043,14.679750973648842,67.86192171200801,18.47212665516857,49.389795056839446,0.4355255039312047,0.426320776504796,0.0092047274264087,-3.38705883597839,-3.347215909434115,-3.2100099708511274,,,0.0,,0.0,,-7.280924596812415e-06,-3.794724479451317,-3.993556026629016,-3.7930023690884265,,0.0541799650324601,0.1121030886707362,0.0874104288036523,3.5729065965305047,-7.118380601878188e-05,0.815331286945854,0.8716981446431346,1.3605797841490028,1.1402929720942716,0.9163066565119148,,1.2859977313054745,1.1031650847689054,,,,,,0.0,-0.0392399241654266,638005.0,1.0,0.0,,,,32.0,,-1.225417875503279e-12,31.0,0.0,0.0,,,3.0364871762793246,-4.202390122924244,-4.633213640739589,-4.313175055620033,,Rectangular,Rectangular (op),,Yes,/home/niflheim2/cmr/C2DB-ASR/tree/AB/GeTe/Ge2Te2-3b5fa8791e0d,Pmn2_1,original03-18,pm2_1n,Ge2Te2-3b5fa8791e0d,z,,,Ge2Te2,4,2GeTe,1,AB,2GeTe,1,0.1121030886707362,0.0547311978729327,0.2296149724092557,0.0007417259377482,False,0.1121030886707362,0.0883929787206011,4.195321522878849,0.0874104288036523,0.0565113105746649,0.136956557683175,-0.0024989433878363,True,0.0879749655667503,0.080009095424116,2.423524711964037,23.974608813343792,13.538321171781885,47.736546702152665,2583.182812054683,35.85557775774823,False,1.2379487463164926e-16,1.0000000000000002,True,0.0064584600581945,1.0064584600581945,True,True,GeTe,Ge2Te2,4,Ge1-Te1,1.5172668,0.27771908,71.43679263358554,3.036487176279325e-10,2777.940094391855,0.1,27779.400943918547,92.16900348938778,29.96926955865529,1.6159719330140361e-13,4.715240618036971e-23,0.3919501825722791,0.05950866530813,0.1394549411380454,2.79330359444026,0.0595086653081295,0.1394549411380463,False
